Adult Mortality,BMI,HIV/AIDS,GDP,Income composition of resources,Schooling,Diphtheria,thinness  1-19 years,Life expectancy
263.0,19.1,0.1,584.25921,0.479,10.1,65.0,17.2,65.0
271.0,18.6,0.1,612.696514,0.476,10.0,62.0,17.5,59.9
268.0,18.1,0.1,631.744976,0.47,9.9,64.0,17.7,59.9
272.0,17.6,0.1,669.959,0.463,9.8,67.0,17.9,59.5
275.0,17.2,0.1,63.537231,0.454,9.5,68.0,18.2,59.2
279.0,16.7,0.1,553.32894,0.448,9.2,66.0,18.4,58.8
281.0,16.2,0.1,445.8932979,0.434,8.9,63.0,18.6,58.6
287.0,15.7,0.1,373.3611163,0.433,8.7,64.0,18.8,58.1
295.0,15.2,0.1,369.835796,0.415,8.4,63.0,19.0,57.5
295.0,14.7,0.1,272.56377,0.405,8.1,58.0,19.2,57.3
291.0,14.2,0.1,25.2941299,0.396,7.9,58.0,19.3,57.3
293.0,13.8,0.1,219.1413528,0.381,6.8,5.0,19.5,57.0
295.0,13.4,0.1,198.7285436,0.373,6.5,41.0,19.7,56.7
3.0,13.0,0.1,187.84595,0.341,6.2,36.0,19.9,56.2
316.0,12.6,0.1,117.49698,0.34,5.9,33.0,2.1,55.3
321.0,12.2,0.1,114.56,0.338,5.5,24.0,2.3,54.8
74.0,58.0,0.1,3954.22783,0.762,14.2,99.0,1.2,77.8
8.0,57.2,0.1,4575.763787,0.761,14.2,98.0,1.2,77.5
84.0,56.5,0.1,4414.72314,0.759,14.2,99.0,1.3,77.2
86.0,55.8,0.1,4247.61438,0.752,14.2,99.0,1.3,76.9
88.0,55.1,0.1,4437.17868,0.738,13.3,99.0,1.4,76.6
91.0,54.3,0.1,494.358832,0.725,12.5,99.0,1.4,76.2
91.0,53.5,0.1,4114.136545,0.721,12.2,98.0,1.5,76.1
1.0,52.6,0.1,437.539647,0.713,12.0,99.0,1.6,75.3
9.0,51.7,0.1,363.13685,0.703,11.6,98.0,1.6,75.9
99.0,5.8,0.1,35.1293,0.696,11.4,97.0,1.7,74.2
15.0,49.9,0.1,279.142931,0.685,10.8,98.0,1.8,73.5
17.0,48.9,0.1,2416.588235,0.681,10.9,97.0,1.8,73.0
18.0,47.9,0.1,189.681557,0.674,10.7,97.0,1.9,72.8
15.0,46.9,0.1,1453.642777,0.67,10.7,98.0,2.0,73.3
14.0,46.0,0.1,1326.97339,0.662,10.6,97.0,2.1,73.6
11.0,45.0,0.1,1175.788981,0.656,10.7,97.0,2.1,72.6
19.0,59.5,0.1,4132.76292,0.743,14.4,95.0,6.0,75.6
11.0,58.4,0.1,547.8517,0.741,14.4,95.0,6.0,75.4
112.0,57.2,0.1,5471.866766,0.737,14.4,95.0,5.9,75.3
113.0,56.1,0.1,5564.82566,0.732,14.4,95.0,5.9,75.1
116.0,55.0,0.1,5432.2523,0.724,14.0,95.0,5.9,74.9
119.0,53.9,0.1,4463.394675,0.714,13.6,95.0,5.9,74.7
123.0,52.8,0.1,3868.83123,0.705,13.1,95.0,6.0,74.4
126.0,51.8,0.1,495.254866,0.697,12.6,93.0,6.0,74.1
129.0,5.8,0.1,3935.183343,0.69,12.3,95.0,6.0,73.8
132.0,49.8,0.1,3464.6179,0.686,12.3,95.0,6.1,73.4
136.0,48.9,0.1,31.122378,0.68,12.0,88.0,6.1,72.9
14.0,47.9,0.1,2598.9823,0.673,11.7,86.0,6.2,72.3
146.0,47.0,0.1,294.33556,0.663,11.5,87.0,6.3,71.7
145.0,46.1,0.1,1774.33673,0.653,11.1,86.0,6.3,71.6
145.0,45.3,0.1,1732.857979,0.644,10.9,89.0,6.4,71.4
145.0,44.4,0.1,1757.17797,0.636,10.7,86.0,6.5,71.3
335.0,23.3,1.9,3695.793748,0.531,11.4,64.0,8.3,52.4
348.0,22.7,2.0,479.31224,0.527,11.4,64.0,8.5,51.7
355.0,22.1,2.3,484.616884,0.523,11.4,77.0,8.6,51.1
358.0,21.5,2.6,4598.249988,0.508,10.3,75.0,8.8,56.0
361.0,21.0,2.5,4299.12889,0.495,9.4,71.0,8.9,51.0
365.0,2.4,2.5,3529.53482,0.488,9.0,77.0,9.1,49.6
369.0,19.8,2.5,3347.84485,0.48,8.5,6.0,9.3,49.1
371.0,19.3,2.6,3868.578883,0.468,8.1,69.0,9.5,48.7
375.0,18.8,2.6,2878.837144,0.454,7.7,73.0,9.6,48.2
381.0,18.2,2.5,262.415149,0.439,7.2,34.0,9.8,47.7
382.0,17.7,2.6,1443.991929,0.426,6.8,38.0,1.0,47.4
386.0,17.2,2.5,141.86844,0.415,6.4,4.0,1.2,47.1
388.0,16.8,2.4,779.468356,0.406,5.9,4.0,1.4,46.8
391.0,16.3,2.3,711.181716,0.401,5.5,41.0,1.5,46.5
44.0,15.8,2.1,526.168743,0.391,5.1,38.0,1.7,45.7
48.0,15.4,2.0,555.2969419,0.382,4.6,28.0,1.9,45.3
13.0,47.7,0.2,13566.9541,0.784,13.9,99.0,3.3,76.4
131.0,47.0,0.2,12888.29667,0.782,13.9,99.0,3.3,76.2
133.0,46.4,0.2,12224.86416,0.781,13.9,99.0,3.3,76.1
134.0,45.7,0.2,12565.44197,0.778,13.8,98.0,3.3,75.9
136.0,45.1,0.1,11929.34991,0.782,14.1,99.0,3.3,75.7
138.0,44.4,0.1,12126.87614,0.783,14.1,98.0,3.3,75.6
14.0,43.8,0.1,1312.46692,0.788,14.2,99.0,3.4,75.4
142.0,43.2,0.1,1473.31923,0.786,14.4,99.0,3.4,75.2
144.0,42.6,0.1,14252.29452,0.781,14.5,99.0,3.4,75.0
145.0,42.0,0.1,12724.39377,0.773,14.7,99.0,3.4,74.8
147.0,41.4,0.1,11371.93895,0.0,0.0,99.0,3.5,74.6
149.0,4.8,0.1,1352.8374,0.0,0.0,97.0,3.5,74.4
151.0,4.1,0.1,9739.82556,0.0,0.0,99.0,3.5,74.2
153.0,39.5,0.1,9386.716452,0.0,0.0,98.0,3.6,74.0
154.0,38.9,0.1,9358.154162,0.0,0.0,97.0,3.6,73.8
156.0,38.2,0.1,9875.161736,0.0,0.0,95.0,3.7,73.6
116.0,62.8,0.1,13467.1236,0.826,17.3,94.0,1.0,76.3
118.0,62.2,0.1,12245.25645,0.825,17.3,94.0,1.0,76.2
119.0,61.6,0.1,12976.63642,0.823,17.3,94.0,1.0,76.0
12.0,61.0,0.1,12969.7712,0.822,17.2,91.0,1.0,75.9
12.0,6.4,0.1,12726.9836,0.816,17.1,91.0,1.0,75.7
121.0,59.8,0.1,1276.265,0.802,16.8,94.0,1.0,75.5
126.0,59.2,0.1,8161.36966,0.794,16.5,94.0,1.0,75.6
126.0,58.6,0.1,8953.359275,0.792,16.3,93.0,1.0,75.4
129.0,58.0,0.1,7193.61764,0.788,16.3,91.0,1.1,74.8
127.0,57.5,0.1,5878.76127,0.782,16.1,91.0,1.1,75.2
127.0,56.9,0.1,576.883829,0.78,16.3,98.0,1.1,74.9
13.0,56.3,0.1,4251.574348,0.775,16.3,98.0,1.1,74.7
137.0,55.7,0.1,333.4376,0.77,16.4,96.0,1.2,74.1
138.0,55.1,0.1,2579.193168,0.776,16.3,93.0,1.2,74.1
138.0,54.6,0.1,717.694674,0.771,15.6,83.0,1.2,74.0
137.0,54.0,0.1,7669.273916,0.764,15.0,83.0,1.2,74.1
118.0,54.9,0.1,369.654776,0.741,12.7,94.0,2.1,74.8
12.0,54.1,0.1,3994.712355,0.739,12.7,93.0,2.1,74.6
123.0,53.3,0.1,3843.591213,0.736,12.7,95.0,2.1,74.4
121.0,52.6,0.1,3684.8481,0.732,12.7,95.0,2.0,74.4
128.0,51.9,0.1,3526.978143,0.729,12.7,95.0,2.0,73.9
132.0,51.2,0.1,3218.381655,0.72,12.3,94.0,2.0,73.5
137.0,5.7,0.1,2993.832531,0.725,11.9,93.0,2.0,73.3
14.0,5.1,0.1,41.26997,0.721,12.3,89.0,2.0,73.2
132.0,49.7,0.1,3138.8873,0.707,11.7,88.0,2.0,73.5
141.0,49.2,0.1,2158.299,0.692,11.2,87.0,2.0,72.9
137.0,48.8,0.1,1643.758397,0.679,10.9,9.0,2.0,73.0
132.0,48.4,0.1,1191.96192,0.668,10.9,91.0,2.0,73.0
134.0,48.1,0.1,93.1661567,0.657,10.8,94.0,2.0,72.7
134.0,47.8,0.1,783.261699,0.645,10.8,94.0,2.1,72.6
141.0,47.4,0.1,694.435119,0.644,11.1,94.0,2.1,72.6
142.0,47.1,0.1,622.7427477,0.639,11.2,93.0,2.1,72.0
59.0,66.6,0.1,56554.3876,0.937,20.4,93.0,0.6,82.8
6.0,66.1,0.1,62214.6912,0.936,20.4,92.0,0.6,82.7
61.0,65.5,0.1,67792.3386,0.933,20.3,91.0,0.6,82.5
61.0,65.0,0.1,67677.63477,0.93,20.1,92.0,0.6,82.3
63.0,64.4,0.1,62245.129,0.927,19.8,92.0,0.6,82.0
64.0,63.9,0.1,51874.848,0.927,19.5,92.0,0.7,81.9
66.0,63.4,0.1,42742.99898,0.925,19.1,92.0,0.7,81.7
66.0,62.9,0.1,49664.6854,0.921,19.1,92.0,0.7,81.3
66.0,62.5,0.1,4991.98289,0.918,19.0,92.0,0.7,81.3
66.0,62.0,0.1,36118.28381,0.915,20.3,92.0,0.7,81.2
67.0,61.5,0.1,3416.71483,0.91,20.3,92.0,0.7,81.0
69.0,6.9,0.1,3472.37977,0.908,20.7,92.0,0.7,86.0
71.0,6.3,0.1,23465.38559,0.905,20.6,93.0,0.7,83.0
73.0,59.6,0.1,281.81763,0.902,20.1,92.0,0.7,79.9
75.0,59.0,0.1,19517.84168,0.899,20.5,92.0,0.7,79.9
78.0,58.2,0.1,2169.921,0.897,20.4,9.0,0.7,79.5
65.0,57.6,0.1,43665.947,0.892,15.9,93.0,1.9,81.5
66.0,57.1,0.1,51322.63997,0.892,15.9,98.0,1.8,81.4
68.0,56.6,0.1,554.71532,0.887,15.7,95.0,1.8,81.1
7.0,56.1,0.1,48333.57273,0.884,15.7,92.0,1.8,88.0
73.0,55.7,0.1,51126.74139,0.88,15.7,89.0,1.7,88.0
75.0,55.2,0.1,46657.629,0.872,15.4,86.0,1.7,84.0
77.0,54.7,0.1,47654.18721,0.87,15.3,83.0,1.7,82.0
76.0,54.2,0.1,51386.37665,0.864,15.1,83.0,1.7,84.0
8.0,53.7,0.1,46586.6525,0.86,15.2,85.0,1.7,81.0
81.0,53.2,0.1,443.99361,0.854,15.0,83.0,1.7,79.8
85.0,52.7,0.1,38242.4252,0.848,14.9,86.0,1.7,79.4
86.0,52.2,0.1,36693.4262,0.841,14.7,83.0,1.7,79.3
88.0,51.7,0.1,3212.9355,0.837,14.7,84.0,1.7,78.8
9.0,51.2,0.1,26351.37568,0.847,16.1,83.0,1.7,78.7
92.0,5.6,0.1,24489.73553,0.837,15.5,84.0,1.7,78.6
96.0,5.1,0.1,24517.26745,0.833,15.4,81.0,1.7,78.1
118.0,52.5,0.1,55.31382,0.758,12.7,96.0,2.8,72.7
119.0,51.5,0.1,7891.299776,0.752,12.2,94.0,2.8,72.5
121.0,5.6,0.1,7875.756953,0.745,11.9,93.0,2.8,72.2
123.0,49.7,0.1,7496.335728,0.742,11.8,89.0,2.8,71.9
125.0,48.8,0.1,7189.691229,0.741,11.7,87.0,2.8,71.6
13.0,48.0,0.1,5842.85784,0.737,11.7,81.0,2.8,71.1
132.0,47.3,0.1,495.294791,0.728,11.6,81.0,2.8,78.0
141.0,46.6,0.1,5574.6382,0.719,11.6,81.0,2.8,73.0
14.0,45.9,0.1,3851.437869,0.708,11.6,79.0,2.8,73.0
154.0,45.3,0.1,2473.85776,0.682,10.7,78.0,2.9,69.2
162.0,44.7,0.1,1578.4239,0.675,11.2,75.0,2.9,68.4
154.0,44.2,0.1,145.2163,0.668,11.0,77.0,3.0,68.4
154.0,43.6,0.1,883.6439965,0.659,10.8,77.0,3.0,67.8
146.0,43.1,0.1,763.73858,0.651,10.6,76.0,3.1,67.8
151.0,42.6,0.1,73.6838434,0.642,10.4,77.0,3.1,67.5
16.0,42.1,0.1,655.974326,0.636,10.1,76.0,3.2,66.6
147.0,64.5,0.1,1764.97387,0.79,12.6,95.0,2.5,76.1
16.0,63.8,0.1,1764.97387,0.789,12.6,96.0,2.5,75.4
172.0,63.2,0.1,1764.97387,0.79,12.6,97.0,2.5,74.8
167.0,62.6,0.2,1764.97387,0.789,12.6,98.0,2.5,74.9
162.0,62.0,0.1,1764.97387,0.788,12.6,98.0,2.5,75.0
161.0,61.3,0.2,1764.97387,0.788,12.6,99.0,2.5,75.0
168.0,6.7,0.1,1764.97387,0.791,12.6,96.0,2.5,74.6
167.0,6.1,0.1,1764.97387,0.791,12.6,93.0,2.5,74.5
167.0,59.4,0.1,1764.97387,0.79,12.5,95.0,2.5,74.4
171.0,58.7,0.1,1764.97387,0.788,12.4,95.0,2.5,74.2
172.0,58.1,0.1,1764.97387,0.786,12.4,93.0,2.6,74.1
174.0,57.4,0.1,1764.97387,0.784,12.3,93.0,2.6,73.8
189.0,56.7,0.1,1764.97387,0.783,12.2,92.0,2.6,73.2
19.0,56.0,0.1,1764.97387,0.781,12.1,94.0,2.6,73.1
189.0,55.2,0.2,1764.97387,0.779,12.1,99.0,2.7,72.9
192.0,54.4,0.1,1764.97387,0.0,12.0,99.0,2.7,72.6
69.0,63.6,0.1,22688.87824,0.823,14.5,98.0,6.2,76.9
7.0,62.9,0.1,24983.3792,0.82,14.5,98.0,6.1,76.8
7.0,62.2,0.1,251.18329,0.815,14.5,99.0,6.1,76.7
71.0,61.5,0.1,23649.36661,0.812,14.5,99.0,6.1,76.5
76.0,6.8,0.1,2281.1242,0.812,14.4,99.0,6.1,76.1
73.0,6.1,0.1,2722.1389,0.81,14.4,99.0,6.0,76.1
74.0,59.3,0.1,19356.67236,0.814,14.4,98.0,6.0,76.0
76.0,58.5,0.1,2367.56535,0.815,14.4,97.0,6.0,75.8
77.0,57.6,0.1,2977.1153,0.813,14.4,97.0,6.1,75.6
79.0,56.8,0.1,1937.99549,0.81,14.2,98.0,6.1,75.5
81.0,56.1,0.1,17959.17854,0.806,14.0,98.0,6.1,75.3
83.0,55.6,0.1,15846.47641,0.803,13.9,98.0,6.1,75.2
85.0,55.2,0.1,14221.99259,0.798,13.7,97.0,6.1,75.0
87.0,55.0,0.1,1312.33457,0.796,13.5,98.0,6.2,74.9
9.0,54.8,0.1,12868.211,0.794,13.3,99.0,6.2,74.7
92.0,54.5,0.1,13636.34668,0.786,13.2,97.0,6.2,74.5
129.0,18.3,0.1,121.15812,0.575,10.2,97.0,17.9,71.8
132.0,17.7,0.1,184.56543,0.57,10.0,97.0,18.1,71.4
135.0,17.0,0.1,951.8894535,0.565,10.0,96.0,18.3,71.0
137.0,16.4,0.1,856.342857,0.557,9.9,94.0,18.5,77.0
14.0,15.8,0.1,835.789341,0.545,9.4,96.0,18.7,73.0
142.0,15.2,0.1,757.6717572,0.535,8.9,94.0,18.9,69.9
144.0,14.6,0.1,681.125368,0.523,8.4,97.0,19.1,69.5
147.0,14.0,0.1,615.7775411,0.52,8.6,96.0,19.3,69.1
151.0,13.5,0.1,541.651484,0.513,8.6,94.0,19.5,68.6
152.0,13.0,0.1,494.51466,0.506,8.4,94.0,19.7,68.2
155.0,12.5,0.1,484.155471,0.499,8.2,93.0,19.9,67.8
158.0,12.0,0.1,46.7579167,0.491,8.1,99.0,2.1,67.3
161.0,11.6,0.1,432.7388972,0.484,7.9,87.0,2.3,66.8
164.0,11.2,0.1,4.6135745,0.476,7.7,83.0,2.5,66.3
168.0,1.8,0.1,42.5981152,0.468,7.5,85.0,2.7,65.8
173.0,1.4,0.1,45.63371,0.459,7.3,82.0,2.9,65.3
98.0,54.5,0.1,15557.8381,0.794,15.3,97.0,3.8,75.5
1.0,53.7,0.1,15359.66971,0.793,15.3,94.0,3.8,75.4
11.0,53.0,0.1,15472.7814,0.792,15.3,91.0,3.8,75.2
12.0,52.2,0.1,15384.8749,0.785,15.3,87.0,3.8,75.1
14.0,51.4,0.1,15534.1574,0.78,15.5,91.0,3.8,74.9
16.0,5.7,0.1,1595.91232,0.781,15.8,86.0,3.8,74.7
19.0,49.9,0.1,16523.32388,0.779,15.5,93.0,3.8,74.6
111.0,49.2,0.1,1657.3228,0.775,15.3,85.0,3.9,74.4
113.0,48.4,0.1,16462.48556,0.771,15.0,93.0,3.9,74.2
115.0,47.7,0.1,15646.5591,0.766,14.8,84.0,4.0,74.1
117.0,46.9,0.1,14223.86576,0.761,14.6,92.0,4.0,73.9
119.0,46.2,0.2,12868.8639,0.757,14.4,93.0,4.1,73.8
121.0,45.4,0.4,1228.5447,0.753,14.2,89.0,4.1,73.7
123.0,44.6,0.8,11675.39395,0.749,14.0,87.0,4.2,73.5
125.0,43.8,0.7,11513.87189,0.75,14.0,84.0,4.2,73.4
127.0,43.0,0.9,11568.1111,0.741,14.0,93.0,4.3,73.3
196.0,62.3,0.1,5949.11677,0.798,15.6,99.0,1.9,72.3
199.0,61.7,0.1,8318.429294,0.796,15.7,97.0,1.9,72.0
23.0,61.1,0.1,7978.825443,0.796,15.7,98.0,2.0,71.7
194.0,6.5,0.1,694.243915,0.793,15.6,98.0,2.0,71.9
232.0,59.9,0.1,6519.71753,0.787,15.5,98.0,2.0,72.0
222.0,59.3,0.1,63.38877,0.78,15.5,98.0,2.0,73.0
226.0,58.7,0.1,5176.172649,0.771,15.4,96.0,2.1,70.0
224.0,58.2,0.1,6376.183153,0.755,15.1,97.0,2.1,70.0
226.0,57.7,0.1,4735.484827,0.739,14.9,95.0,2.2,69.8
243.0,57.2,0.1,3848.215966,0.723,14.6,99.0,2.2,68.9
252.0,56.7,0.1,3126.71767,0.713,14.4,99.0,2.3,68.1
247.0,56.2,0.1,2378.33927,0.703,14.1,99.0,2.4,68.2
253.0,55.8,0.1,1819.525644,0.695,13.9,5.0,2.5,67.7
262.0,55.3,0.1,1479.383142,0.687,13.6,99.0,2.5,67.2
254.0,54.9,0.1,1244.373185,0.681,13.3,99.0,2.6,67.7
247.0,54.4,0.1,1276.28834,0.675,13.1,99.0,2.7,68.0
74.0,63.7,0.1,4356.875,0.895,16.6,99.0,1.0,81.1
76.0,63.4,0.1,47439.39684,0.89,16.3,99.0,1.0,89.0
77.0,63.0,0.1,4651.38647,0.889,16.3,99.0,1.0,87.0
78.0,62.6,0.1,4474.5717,0.886,16.2,99.0,0.9,83.0
8.0,62.3,0.1,4772.77415,0.884,16.1,98.0,0.9,83.0
81.0,61.9,0.1,4438.23741,0.878,15.9,98.0,0.9,80.0
85.0,61.6,0.1,4488.5615,0.876,15.8,98.0,0.9,79.8
87.0,61.3,0.1,48424.58927,0.874,15.8,99.0,0.8,79.5
86.0,6.9,0.1,4443.83131,0.871,15.8,98.0,0.8,79.5
85.0,6.6,0.1,38852.3613,0.865,15.7,98.0,0.8,79.4
89.0,6.2,0.1,36967.28292,0.861,15.7,97.0,0.8,78.9
91.0,59.8,0.1,35589.71295,0.88,18.8,95.0,0.8,78.8
95.0,59.4,0.1,3743.95693,0.878,18.6,95.0,0.8,78.3
99.0,59.0,0.1,2552.3328,0.875,18.8,95.0,0.8,78.0
1.0,58.5,0.1,23121.56635,0.873,18.2,95.0,0.8,78.0
11.0,58.1,0.1,2327.4591,0.869,18.0,95.0,0.8,77.6
175.0,5.9,0.2,4849.997495,0.706,12.8,94.0,3.5,71.0
177.0,5.1,0.2,4852.223666,0.705,12.8,95.0,3.4,70.0
18.0,49.3,0.2,4688.538443,0.706,12.9,95.0,3.4,69.8
189.0,48.5,0.1,4673.63848,0.702,12.5,98.0,3.5,69.4
188.0,47.8,0.5,4516.24675,0.7,12.4,95.0,3.5,69.4
186.0,47.0,0.2,4344.15177,0.7,12.4,96.0,3.5,69.5
184.0,46.3,0.3,4258.788611,0.7,12.7,97.0,3.5,69.5
181.0,45.7,0.1,447.22796,0.699,12.8,94.0,3.5,69.6
181.0,45.0,0.6,4324.876427,0.7,12.8,96.0,3.5,69.6
184.0,44.4,0.6,4187.3783,0.692,12.3,98.0,3.6,69.4
191.0,43.8,0.8,3933.332215,0.695,12.8,96.0,3.6,69.0
197.0,43.2,0.8,3831.53819,0.691,12.5,97.0,3.6,68.7
21.0,42.6,1.5,3679.99523,0.684,12.2,96.0,3.6,68.4
199.0,42.0,0.1,3556.561825,0.678,11.9,89.0,3.7,68.5
21.0,41.4,0.4,3419.275719,0.677,11.8,96.0,3.7,68.2
196.0,4.8,0.3,3364.423711,0.668,11.7,91.0,3.8,68.3
249.0,25.7,1.0,783.94791,0.481,10.7,82.0,6.9,60.0
252.0,25.2,1.1,943.686575,0.475,10.7,78.0,7.1,59.7
251.0,24.6,1.2,915.2674586,0.466,10.3,77.0,7.2,59.5
251.0,24.1,1.3,837.9551,0.458,10.0,8.0,7.4,59.3
251.0,23.5,1.4,825.9427854,0.454,9.8,75.0,7.6,59.1
254.0,23.0,1.4,757.695974,0.451,9.5,76.0,7.8,58.7
259.0,22.5,1.6,793.45243,0.448,9.3,79.0,7.9,58.4
278.0,22.0,1.8,82.1513498,0.444,9.1,75.0,8.1,57.6
283.0,21.5,2.0,76.535419,0.438,8.9,82.0,8.3,57.1
284.0,21.0,2.0,625.8392,0.434,8.7,74.0,8.5,56.8
285.0,2.5,2.1,61.799977,0.43,8.5,7.0,8.7,56.5
285.0,2.1,2.1,583.493514,0.423,8.1,72.0,8.9,56.1
285.0,19.7,2.1,519.2922847,0.416,7.7,73.0,9.1,55.8
283.0,19.2,2.1,418.6985763,0.407,7.3,75.0,9.3,55.6
281.0,18.8,2.1,378.73654,0.395,6.6,76.0,9.5,55.5
279.0,18.4,2.0,374.1923942,0.389,6.4,78.0,9.7,55.4
211.0,24.5,0.5,2613.645177,0.604,12.5,99.0,15.4,69.8
216.0,23.6,0.5,2522.7968,0.596,12.5,99.0,15.7,69.4
219.0,22.7,0.6,235.882889,0.589,12.6,97.0,15.9,69.1
223.0,21.9,0.6,2422.816,0.581,12.3,97.0,16.1,68.7
225.0,21.1,0.5,2458.45976,0.572,11.9,95.0,16.3,68.3
228.0,2.3,0.5,2178.921383,0.0,11.4,91.0,16.6,67.9
232.0,19.5,0.4,177.234497,0.0,10.9,93.0,16.8,67.4
234.0,18.8,0.4,1795.18137,0.0,10.5,96.0,17.1,67.0
238.0,18.0,0.3,1741.142552,0.0,10.1,95.0,17.3,66.5
245.0,17.4,0.3,1335.45696,0.0,9.6,95.0,17.5,65.8
254.0,16.7,0.3,1247.61392,0.0,9.2,95.0,17.8,65.0
263.0,16.1,0.3,197.45788,0.0,8.8,89.0,18.0,64.2
273.0,15.5,0.2,997.7417141,0.0,8.4,95.0,18.3,63.3
282.0,14.9,0.1,885.6382245,0.0,8.0,86.0,18.6,62.5
29.0,14.4,0.1,87.9387673,0.0,7.6,88.0,18.9,61.7
312.0,13.9,0.1,765.8632358,0.0,7.3,92.0,19.2,62.0
186.0,52.6,0.1,1764.97387,0.671,13.8,99.0,1.2,77.0
189.0,51.9,0.1,1764.97387,0.666,13.8,98.0,1.2,74.0
192.0,51.2,0.1,1764.97387,0.661,13.8,94.0,1.2,71.0
194.0,5.6,0.1,1764.97387,0.655,13.8,93.0,1.2,69.8
198.0,49.9,0.2,1764.97387,0.649,13.8,95.0,1.2,69.3
22.0,49.3,0.2,1764.97387,0.643,13.8,91.0,1.2,68.7
27.0,48.6,0.2,1764.97387,0.636,13.8,93.0,1.2,68.0
211.0,48.0,0.2,1764.97387,0.632,14.0,88.0,1.3,67.4
216.0,47.3,0.2,1764.97387,0.626,14.1,84.0,1.3,66.8
219.0,46.7,0.2,1764.97387,0.625,14.3,83.0,1.3,66.2
222.0,46.0,0.2,1764.97387,0.622,14.4,85.0,1.3,65.7
226.0,45.4,0.2,1764.97387,0.62,14.6,84.0,1.4,65.1
23.0,44.7,0.2,1764.97387,0.617,14.4,88.0,1.4,64.5
234.0,44.0,0.1,1764.97387,0.61,14.0,77.0,1.4,63.9
238.0,43.3,0.1,1764.97387,0.607,13.7,71.0,1.5,63.3
243.0,42.6,0.1,1764.97387,0.6,13.3,75.0,1.5,62.6
88.0,55.8,0.1,4574.9787,0.747,14.2,82.0,2.3,77.4
89.0,55.3,0.1,5193.94932,0.742,14.2,86.0,2.4,77.2
9.0,54.7,0.1,535.86555,0.735,14.2,89.0,2.4,77.0
92.0,54.2,0.1,4716.673325,0.728,13.9,92.0,2.5,76.8
92.0,53.7,0.1,55.156834,0.711,13.4,88.0,2.6,76.9
94.0,53.1,0.1,4611.47298,0.717,13.3,89.0,2.6,76.4
97.0,52.6,0.1,4697.89732,0.716,13.3,9.0,2.7,76.1
98.0,52.1,0.1,575.31664,0.71,13.1,91.0,2.8,76.0
16.0,51.5,0.1,418.292176,0.703,12.9,95.0,2.8,75.4
1.0,51.0,0.1,344.321698,0.697,12.7,87.0,2.9,75.7
12.0,5.5,0.1,2968.41186,0.0,12.5,93.0,2.9,75.0
99.0,49.9,0.1,265.642661,0.0,12.3,84.0,3.0,75.5
12.0,49.4,0.1,2214.732246,0.0,12.1,87.0,3.0,75.2
11.0,48.8,0.1,1761.537647,0.0,11.9,8.0,3.1,75.4
113.0,48.2,0.1,1524.41222,0.0,11.6,91.0,3.2,74.9
116.0,47.6,0.1,1461.7552,0.0,0.0,85.0,3.3,74.6
256.0,37.9,2.2,6532.651,0.698,12.6,95.0,6.4,65.7
268.0,37.3,2.3,7497.762376,0.697,12.6,95.0,6.7,65.1
286.0,36.8,2.8,77.625783,0.693,12.6,95.0,7.0,64.2
3.0,36.2,4.4,729.231453,0.687,12.5,95.0,7.3,63.4
325.0,35.7,5.5,7645.21469,0.678,12.4,95.0,7.7,62.2
349.0,35.2,6.2,6346.15624,0.669,12.3,95.0,8.0,61.1
393.0,34.7,9.0,5185.729845,0.661,12.2,96.0,8.4,59.2
427.0,34.2,12.7,5623.379566,0.646,12.1,96.0,8.8,57.5
436.0,33.7,13.4,5714.47937,0.63,12.1,96.0,9.2,56.9
491.0,33.2,14.4,5374.554867,0.61,11.9,96.0,9.6,54.8
566.0,32.7,20.6,5351.253732,0.593,11.9,96.0,1.0,51.7
652.0,32.2,28.4,4896.583835,0.58,11.8,96.0,1.5,48.1
693.0,31.6,31.9,4163.6596,0.567,11.8,96.0,1.9,46.4
699.0,31.1,34.6,355.618382,0.558,11.9,97.0,11.4,46.0
679.0,3.5,37.2,3128.97793,0.56,11.8,97.0,11.8,46.7
647.0,29.9,38.8,3349.68823,0.559,11.7,97.0,12.3,47.8
142.0,56.1,0.1,8757.2622,0.754,15.2,96.0,2.7,75.0
144.0,55.3,0.1,1226.61731,0.747,15.2,93.0,2.7,74.8
146.0,54.5,0.1,12216.9446,0.734,14.2,97.0,2.8,74.7
148.0,53.6,0.1,12291.46685,0.73,14.2,95.0,2.8,74.5
152.0,52.8,0.1,13167.47289,0.724,14.0,99.0,2.9,74.1
154.0,52.0,0.1,11224.1548,0.716,13.8,99.0,2.9,73.8
157.0,51.1,0.1,8553.3847,0.714,13.8,99.0,3.0,73.6
158.0,5.3,0.1,8787.61375,0.704,13.3,99.0,3.0,73.4
159.0,49.4,0.1,7313.557962,0.7,13.5,99.0,3.1,73.3
161.0,48.6,0.1,586.145975,0.698,13.8,99.0,3.1,73.0
163.0,47.8,0.1,477.182746,0.694,13.8,99.0,3.2,72.7
17.0,46.9,0.1,3623.47667,0.695,14.0,99.0,3.2,72.0
172.0,46.1,0.1,359.587582,0.699,14.8,99.0,3.3,71.8
176.0,45.3,0.1,2819.649531,0.692,14.6,99.0,3.3,71.4
179.0,44.5,0.1,3146.95177,0.685,14.3,98.0,3.4,71.0
183.0,43.7,0.1,3739.11936,0.677,14.1,98.0,3.4,75.0
78.0,41.2,0.1,3967.8951,0.864,14.9,99.0,5.7,77.7
8.0,4.2,0.1,4159.8652,0.863,15.0,99.0,5.7,77.6
84.0,39.2,0.1,44597.27968,0.86,14.9,99.0,5.8,77.1
79.0,38.2,0.1,47651.2599,0.852,14.4,99.0,5.8,78.3
79.0,37.2,0.1,4717.273,0.846,14.1,97.0,5.9,77.4
79.0,36.2,0.1,35268.1117,0.845,14.2,95.0,5.9,76.9
88.0,35.2,0.1,27965.4754,0.841,14.1,99.0,6.0,76.8
84.0,34.2,0.1,37951.286,0.84,14.2,98.0,6.1,77.2
1.0,33.2,0.1,32672.36717,0.84,14.3,99.0,6.2,76.0
93.0,32.2,0.1,398.96692,0.837,14.3,97.0,6.3,76.3
92.0,31.2,0.1,2612.13345,0.834,14.1,94.0,6.4,76.2
89.0,3.1,0.1,21896.6527,0.828,13.7,92.0,6.5,76.4
89.0,29.1,0.1,18555.56649,0.823,13.4,92.0,6.6,76.0
95.0,28.0,0.1,16846.2198,0.82,13.3,94.0,6.7,74.8
19.0,27.0,0.1,16468.12886,0.819,13.4,97.0,6.8,74.7
16.0,26.1,0.1,188.44826,0.818,13.4,99.0,6.8,74.4
137.0,65.7,0.1,6993.47736,0.792,15.0,91.0,1.9,74.5
138.0,65.1,0.1,7853.335191,0.787,14.8,88.0,1.9,74.3
14.0,64.5,0.1,7674.86559,0.781,14.4,95.0,1.9,74.1
139.0,63.9,0.1,7378.25539,0.778,14.3,95.0,1.9,73.9
144.0,63.3,0.1,7813.83499,0.775,14.2,95.0,2.0,73.7
147.0,62.7,0.1,6843.263289,0.77,13.9,94.0,2.0,73.4
152.0,62.1,0.1,6955.987733,0.768,13.8,94.0,2.0,73.2
155.0,61.5,0.1,7296.122479,0.761,13.8,95.0,2.1,72.9
157.0,6.9,0.1,5932.899677,0.755,13.5,95.0,2.1,72.6
161.0,6.3,0.1,4513.13628,0.75,13.5,95.0,2.2,72.2
16.0,59.7,0.1,3893.68998,0.745,13.5,96.0,2.2,72.1
157.0,59.1,0.1,3381.57837,0.738,13.3,95.0,2.3,72.2
155.0,58.6,0.1,271.46824,0.729,12.9,96.0,2.3,72.0
157.0,58.1,0.1,287.534843,0.723,12.9,93.0,2.4,71.8
16.0,57.5,0.1,1764.97387,0.713,12.9,94.0,2.4,71.6
163.0,57.0,0.1,169.28586,0.709,12.9,93.0,2.5,71.1
26.0,19.4,0.6,615.592225,0.399,7.7,91.0,8.0,59.9
268.0,18.8,0.6,75.1464113,0.398,7.7,91.0,8.2,59.3
27.0,18.2,0.7,699.452847,0.392,7.5,88.0,8.4,59.0
271.0,17.7,0.8,673.8227,0.384,7.2,9.0,8.6,58.6
275.0,17.1,0.9,666.842783,0.377,6.7,91.0,8.8,58.1
279.0,16.6,1.0,575.4464527,0.365,6.3,91.0,9.0,57.5
283.0,16.1,1.1,552.7455521,0.356,5.9,92.0,9.3,56.9
288.0,15.6,1.5,569.7612784,0.345,5.4,93.0,9.5,56.1
293.0,15.1,1.7,475.11122,0.334,4.9,89.0,9.8,55.3
32.0,14.6,2.0,422.6332374,0.325,4.7,86.0,1.0,54.3
313.0,14.2,2.3,46.998871,0.0,4.3,82.0,1.3,53.3
323.0,13.7,2.5,371.323865,0.0,3.9,79.0,1.5,52.4
332.0,13.3,2.9,332.344351,0.0,3.8,79.0,1.7,51.6
338.0,12.9,3.2,26.7635413,0.0,3.6,69.0,11.0,51.0
344.0,12.5,3.6,235.4912324,0.0,3.5,62.0,11.2,56.0
348.0,12.2,4.0,226.4759814,0.0,3.4,45.0,11.4,51.0
288.0,18.7,0.7,33.681223,0.406,10.6,94.0,7.3,59.6
297.0,18.2,0.7,312.7489794,0.404,10.6,95.0,7.4,59.1
33.0,17.6,1.0,282.7555252,0.398,10.5,96.0,7.4,58.6
312.0,17.1,1.2,265.285651,0.393,10.3,96.0,7.5,58.0
321.0,16.6,1.5,26.479973,0.385,9.9,96.0,7.6,57.4
33.0,16.1,1.9,231.1943256,0.361,9.3,96.0,7.7,56.8
338.0,15.7,2.4,24.944652,0.336,8.6,94.0,7.8,56.2
35.0,15.2,2.9,196.2472628,0.319,7.9,92.0,7.9,55.3
355.0,14.8,3.4,17.79995,0.309,7.2,99.0,8.0,54.8
361.0,14.5,3.8,165.8794176,0.29,5.9,92.0,8.1,54.1
369.0,14.1,4.3,15.57434,0.286,5.6,87.0,8.2,53.4
378.0,13.8,4.8,127.4296648,0.279,5.2,83.0,8.4,52.6
387.0,13.5,5.1,112.849373,0.276,4.7,82.0,8.5,51.9
387.0,13.3,5.2,122.4335893,0.268,4.4,81.0,8.7,51.5
385.0,13.0,5.3,133.7427689,0.268,4.5,81.0,8.8,51.3
386.0,12.8,5.2,135.9984455,0.268,4.5,8.0,9.0,58.0
397.0,28.0,1.9,1764.97387,0.677,12.3,83.0,5.5,53.3
47.0,27.4,2.0,1764.97387,0.677,12.3,76.0,5.6,52.8
412.0,26.8,2.4,1764.97387,0.677,12.3,8.0,5.8,52.3
415.0,26.2,2.9,1764.97387,0.677,12.3,82.0,5.9,52.0
419.0,25.6,3.3,1764.97387,0.677,12.3,62.0,6.1,51.7
417.0,25.0,3.3,1764.97387,0.677,12.3,85.0,6.3,51.5
426.0,24.4,3.7,1764.97387,0.677,12.3,81.0,6.5,51.0
437.0,23.8,4.1,1764.97387,0.677,12.3,74.0,6.6,54.0
443.0,23.2,5.3,1764.97387,0.677,12.3,76.0,6.8,49.9
452.0,22.6,5.8,1764.97387,0.677,12.3,77.0,7.0,49.4
466.0,22.1,6.1,1764.97387,0.677,12.3,76.0,7.2,48.7
472.0,21.5,6.5,1764.97387,0.677,12.3,67.0,7.3,48.2
473.0,2.9,6.7,1764.97387,0.677,12.3,61.0,7.5,48.0
473.0,2.4,6.9,1764.97387,0.677,12.3,64.0,7.7,47.7
467.0,19.9,7.0,1764.97387,0.677,12.3,66.0,7.9,47.8
461.0,19.4,7.1,1764.97387,0.677,12.3,65.0,8.1,47.9
114.0,31.3,0.2,2954.119467,0.646,13.5,93.0,6.6,73.3
117.0,3.5,0.2,3529.61843,0.643,13.5,95.0,6.8,73.0
12.0,29.7,0.2,3558.796314,0.643,13.6,93.0,6.9,72.8
121.0,29.0,0.3,348.482762,0.636,13.2,94.0,7.1,72.7
122.0,28.2,0.3,367.429453,0.632,13.1,9.0,7.3,72.6
123.0,27.5,0.4,3312.825985,0.627,12.7,99.0,7.4,72.5
124.0,26.8,0.4,3444.5566,0.621,12.4,99.0,7.6,72.4
124.0,26.2,0.4,3638.95946,0.615,12.2,99.0,7.8,72.4
126.0,25.5,0.6,3112.285712,0.602,11.9,98.0,8.1,72.3
129.0,24.9,0.6,234.28992,0.596,11.9,96.0,8.3,72.1
134.0,24.3,0.8,248.13459,0.582,11.2,95.0,8.5,71.8
14.0,23.7,0.8,1976.45856,0.574,11.1,93.0,8.7,71.4
144.0,23.2,0.9,1768.92132,0.572,11.3,92.0,8.9,71.1
148.0,22.6,0.8,1373.515636,0.569,11.3,91.0,9.2,77.0
152.0,22.1,0.8,1268.884564,0.562,11.0,9.0,9.4,73.0
155.0,21.5,0.8,1239.377855,0.0,11.3,9.0,9.6,69.9
174.0,19.6,0.2,1163.18977,0.558,10.9,89.0,1.9,68.7
179.0,18.9,0.2,198.687123,0.553,10.9,88.0,1.9,68.3
183.0,18.2,0.2,128.419568,0.546,10.8,83.0,11.0,67.8
186.0,17.6,0.3,95.244132,0.54,10.7,86.0,11.0,67.4
19.0,17.0,0.3,882.491462,0.533,10.7,88.0,11.0,67.0
192.0,16.4,0.5,785.6928841,0.519,10.6,89.0,11.0,66.6
195.0,15.9,0.6,738.2326684,0.52,10.5,94.0,11.1,66.1
199.0,15.3,0.7,745.7877873,0.511,10.5,91.0,11.2,65.6
24.0,14.8,0.9,631.675789,0.495,10.3,82.0,11.3,65.0
216.0,14.3,1.1,539.8791529,0.483,10.1,8.0,11.4,64.1
234.0,13.9,1.4,474.2238766,0.47,10.0,82.0,11.5,62.9
253.0,13.5,1.7,48.615184,0.458,9.7,85.0,11.6,61.5
268.0,13.1,1.9,362.4213785,0.445,9.3,69.0,11.6,63.0
273.0,12.8,2.1,339.676984,0.427,8.2,54.0,11.6,59.3
273.0,12.4,2.2,321.22634,0.412,7.6,6.0,11.6,58.5
274.0,12.1,2.1,3.685949,0.401,7.2,59.0,11.6,57.7
357.0,29.0,3.5,1244.429421,0.514,10.4,84.0,5.6,57.3
366.0,28.4,3.7,1441.1417,0.507,10.4,87.0,5.7,56.7
364.0,27.8,4.0,1365.34419,0.501,10.4,89.0,5.8,56.4
369.0,27.2,4.6,1255.648189,0.496,10.4,85.0,5.9,55.9
371.0,26.6,4.9,1295.649726,0.486,10.0,82.0,6.0,55.6
37.0,26.0,5.5,1182.869227,0.48,9.7,84.0,6.1,55.3
373.0,25.4,6.3,123.19538,0.473,9.2,8.0,6.3,54.8
382.0,24.9,6.7,1233.524316,0.466,8.8,84.0,6.4,54.2
395.0,24.4,7.0,111.71186,0.456,8.0,82.0,6.6,53.6
394.0,23.8,7.2,12.989164,0.456,8.2,81.0,6.7,53.3
4.0,23.3,7.4,952.1872484,0.456,8.3,8.0,6.9,52.8
412.0,22.8,7.5,93.211716,0.455,8.2,73.0,7.0,52.1
412.0,22.3,7.7,824.8689393,0.452,8.1,73.0,7.2,51.8
47.0,21.8,7.8,676.397661,0.452,8.4,66.0,7.4,51.6
41.0,21.3,7.9,614.6729339,0.437,7.1,63.0,7.5,51.5
394.0,2.9,7.7,68.414399,0.433,6.9,62.0,7.7,51.4
64.0,67.0,0.1,43315.744,0.919,16.3,91.0,0.6,82.2
65.0,66.4,0.1,544.43376,0.912,15.9,91.0,0.5,82.0
67.0,65.8,0.1,52413.72116,0.909,15.9,91.0,0.5,81.8
68.0,65.3,0.1,52496.69487,0.907,15.9,95.0,0.5,81.6
68.0,64.7,0.1,5282.2176,0.903,15.9,87.0,0.5,81.5
7.0,64.1,0.1,47447.4762,0.898,15.9,89.0,0.5,81.2
72.0,63.6,0.1,4773.45436,0.898,15.9,91.0,0.5,81.0
74.0,63.0,0.1,46596.33599,0.897,15.8,92.0,0.5,87.0
74.0,62.5,0.1,44544.5268,0.894,15.8,94.0,0.5,85.0
75.0,61.9,0.1,4386.69948,0.891,15.8,95.0,0.5,85.0
76.0,61.3,0.1,36189.58838,0.886,15.8,93.0,0.5,81.0
77.0,6.6,0.1,31979.87195,0.881,15.8,91.0,0.5,80.0
78.0,6.0,0.1,28172.14883,0.877,15.8,91.0,0.5,79.7
79.0,59.3,0.1,24167.8431,0.872,15.8,88.0,0.5,79.5
8.0,58.5,0.1,23691.59472,0.867,15.8,89.0,0.5,79.4
82.0,57.8,0.1,24124.16917,0.864,15.9,89.0,0.5,79.1
397.0,22.7,4.4,348.381417,0.347,7.1,47.0,8.2,52.5
437.0,22.1,4.5,377.132274,0.345,7.1,47.0,8.4,58.0
451.0,21.6,5.1,337.4849614,0.37,7.1,23.0,8.5,49.9
439.0,21.2,5.1,486.41114,0.366,7.1,47.0,8.7,53.0
443.0,2.7,5.8,494.336779,0.361,6.8,47.0,8.8,49.8
446.0,2.2,6.6,446.4434494,0.352,6.6,45.0,9.0,49.2
453.0,19.8,7.3,449.961839,0.345,6.4,42.0,9.1,48.6
477.0,19.4,8.3,456.8614334,0.338,6.3,45.0,9.3,47.6
495.0,19.0,9.0,397.148467,0.33,6.2,48.0,9.4,46.8
56.0,18.6,10.0,347.673678,0.323,6.0,51.0,9.6,46.3
511.0,18.2,11.2,327.1149461,0.319,5.9,54.0,9.7,45.9
512.0,17.9,12.0,313.21598,0.315,5.7,51.0,9.9,45.7
51.0,17.5,12.8,286.25819,0.316,5.6,47.0,1.0,45.7
58.0,17.2,13.4,253.768343,0.315,5.4,44.0,1.2,45.6
54.0,16.8,13.9,243.1586486,0.314,5.3,4.0,1.4,45.6
49.0,16.5,14.3,243.5429317,0.312,5.2,37.0,1.5,46.0
356.0,19.1,2.8,777.248751,0.394,7.3,46.0,8.5,53.1
362.0,18.7,2.9,125.998515,0.39,7.3,37.0,8.7,52.6
366.0,18.2,3.1,986.13177,0.387,7.3,39.0,8.8,52.2
367.0,17.9,3.6,973.472574,0.381,7.3,4.0,9.0,51.8
365.0,17.5,3.9,989.2363633,0.37,6.7,33.0,9.2,51.6
364.0,17.1,4.1,896.5697341,0.36,6.7,39.0,9.4,51.2
37.0,16.7,4.4,84.455939,0.343,6.3,24.0,9.6,57.0
394.0,16.4,4.7,929.772391,0.338,6.0,19.0,9.8,49.6
394.0,16.1,4.9,81.683884,0.306,5.7,28.0,1.0,49.4
414.0,15.7,5.1,712.1847694,0.303,5.5,4.0,1.3,48.5
46.0,15.4,5.2,66.2421396,0.306,5.6,25.0,1.5,48.6
45.0,15.1,5.2,454.6765879,0.301,5.6,21.0,1.7,48.5
43.0,14.8,5.1,292.5914364,0.284,5.4,23.0,1.9,48.4
43.0,14.4,5.0,22.854821,0.303,5.1,25.0,11.1,48.1
4.0,14.1,4.8,197.3156442,0.3,4.9,26.0,11.3,48.0
44.0,13.9,4.6,166.231785,0.0,4.7,36.0,11.5,47.6
82.0,63.8,0.1,13653.2264,0.845,16.3,96.0,0.8,85.0
83.0,63.1,0.1,14817.37778,0.841,16.2,95.0,0.8,83.0
84.0,62.5,0.1,15941.39722,0.831,15.6,91.0,0.8,81.0
84.0,61.8,0.1,15431.9293,0.826,15.5,9.0,0.8,79.9
86.0,61.2,0.1,1475.69242,0.82,15.4,94.0,0.8,79.8
89.0,6.6,0.1,1286.17764,0.815,15.2,92.0,0.8,79.1
91.0,59.9,0.1,1243.32824,0.816,15.3,94.0,0.8,79.3
88.0,59.3,0.1,1781.3668,0.804,15.2,95.0,0.9,79.6
9.0,58.7,0.1,1526.87746,0.797,14.8,96.0,0.9,78.9
91.0,58.1,0.1,9484.681227,0.796,14.9,94.0,0.9,78.9
93.0,57.4,0.1,7615.3468,0.79,14.6,91.0,0.9,78.4
97.0,56.8,0.1,621.828325,0.781,14.3,93.0,0.9,78.0
1.0,56.1,0.1,4787.699532,0.775,14.0,96.0,1.0,77.9
11.0,55.4,0.1,4463.545867,0.768,13.9,97.0,1.0,77.8
16.0,54.7,0.1,4595.666327,0.761,13.7,97.0,1.0,77.3
13.0,54.0,0.1,511.368479,0.755,13.5,91.0,1.1,77.3
85.0,32.9,0.1,869.211938,0.734,13.5,99.0,3.6,76.1
86.0,31.9,0.1,7683.5238,0.723,13.1,99.0,3.7,75.8
88.0,3.9,0.1,777.77594,0.713,12.7,99.0,3.8,75.6
89.0,3.0,0.1,6337.882993,0.703,12.4,99.0,3.9,75.4
91.0,29.0,0.1,5633.79616,0.7,12.8,99.0,4.1,75.2
92.0,28.1,0.1,456.512487,0.691,12.5,99.0,4.2,75.0
93.0,27.3,0.1,3838.434292,0.682,12.2,99.0,4.4,74.9
97.0,26.5,0.1,3471.247547,0.672,11.9,97.0,4.5,74.5
96.0,25.7,0.1,2695.366223,0.659,11.4,93.0,4.7,74.4
98.0,24.9,0.1,299.229676,0.646,11.0,93.0,4.8,74.2
99.0,24.1,0.1,1753.4178,0.634,10.6,87.0,5.0,73.9
11.0,23.4,0.1,158.668462,0.622,10.2,87.0,5.1,73.5
13.0,22.6,0.1,1288.642924,0.61,9.9,86.0,5.3,73.1
16.0,21.9,0.1,1148.5857,0.6,9.7,86.0,5.5,72.7
11.0,21.2,0.1,153.1824,0.592,9.6,86.0,5.7,72.2
115.0,2.5,0.1,959.372181,0.583,9.5,85.0,5.9,71.7
143.0,57.9,0.1,644.525556,0.724,13.6,91.0,2.1,74.8
144.0,57.2,0.1,7913.383432,0.72,13.6,9.0,2.1,74.6
145.0,56.4,0.1,83.5863,0.712,13.3,91.0,2.1,74.4
143.0,55.7,0.1,7884.984429,0.707,13.2,91.0,2.1,74.3
144.0,55.0,0.1,7227.73968,0.7,13.0,85.0,2.2,74.2
15.0,54.2,0.1,625.65544,0.695,12.8,88.0,2.2,73.6
15.0,53.5,0.1,5148.422113,0.691,12.4,92.0,2.2,73.6
146.0,52.8,0.1,5433.7245,0.683,12.2,92.0,2.3,73.5
144.0,52.0,0.1,4674.21961,0.675,11.9,93.0,2.3,73.5
147.0,51.3,0.1,379.78776,0.669,11.5,93.0,2.3,73.1
144.0,5.5,0.1,3386.256,0.658,11.1,93.0,2.4,73.1
148.0,49.8,0.1,274.249442,0.658,11.3,89.0,2.4,72.8
15.0,49.0,0.1,2246.257472,0.659,11.6,92.0,2.5,72.4
163.0,48.2,0.1,2355.725857,0.656,11.5,81.0,2.5,71.8
165.0,47.5,0.1,2395.856551,0.653,11.4,8.0,2.5,71.5
167.0,46.7,0.1,2472.197831,0.65,11.3,79.0,2.6,71.4
227.0,24.2,0.8,727.6463868,0.498,11.1,91.0,6.7,63.5
23.0,23.7,0.8,852.954379,0.497,11.1,87.0,6.8,63.2
233.0,23.2,0.8,834.341949,0.49,10.9,87.0,6.8,62.9
237.0,22.6,0.8,788.632653,0.484,10.8,86.0,6.9,62.5
241.0,22.1,0.2,829.7586885,0.479,10.6,83.0,7.0,62.2
246.0,21.6,0.1,769.1742883,0.476,10.5,74.0,7.1,61.8
251.0,21.1,0.1,778.5454199,0.465,10.3,83.0,7.2,61.3
255.0,2.6,0.1,795.97519,0.461,10.2,81.0,7.2,61.0
259.0,2.1,0.1,72.759313,0.459,10.0,75.0,7.3,66.0
262.0,19.6,0.1,648.38717,0.451,9.9,69.0,7.4,63.0
266.0,19.2,0.1,621.93372,0.434,9.7,68.0,7.5,60.0
269.0,18.8,0.1,616.4197236,0.0,9.5,76.0,7.5,59.8
271.0,18.4,0.1,544.566526,0.0,9.2,8.0,7.6,59.6
271.0,18.0,0.1,433.2691451,0.0,8.8,89.0,7.7,59.5
272.0,17.6,0.1,395.9319363,0.0,8.5,7.0,7.8,59.5
272.0,17.3,0.1,375.8528566,0.0,8.2,7.0,7.9,59.5
267.0,27.4,2.8,1764.97387,0.59,11.1,8.0,7.5,64.7
275.0,26.8,3.0,1764.97387,0.581,11.1,9.0,7.6,64.2
274.0,26.2,3.0,1764.97387,0.576,11.1,85.0,7.7,63.9
273.0,25.6,3.3,1764.97387,0.557,10.2,85.0,7.9,63.7
285.0,25.0,3.5,1764.97387,0.558,10.7,82.0,8.0,62.9
298.0,24.5,3.8,1764.97387,0.548,10.5,74.0,8.1,62.0
314.0,23.9,4.0,1764.97387,0.545,10.3,78.0,8.3,68.0
338.0,23.3,4.3,1764.97387,0.527,10.0,79.0,8.4,59.4
354.0,22.8,5.0,1764.97387,0.517,9.8,72.0,8.5,58.2
368.0,22.3,5.5,1764.97387,0.507,9.6,73.0,8.7,56.9
394.0,21.7,5.9,1764.97387,0.496,9.4,62.0,8.8,55.3
48.0,21.2,6.3,1764.97387,0.497,9.2,67.0,9.0,54.1
417.0,2.7,6.8,1764.97387,0.492,9.4,5.0,9.1,53.2
424.0,2.3,7.2,1764.97387,0.488,9.5,41.0,9.3,52.6
419.0,19.8,7.6,1764.97387,0.487,9.7,31.0,9.4,52.7
416.0,19.3,7.8,1764.97387,0.487,9.8,33.0,9.5,52.9
95.0,6.5,0.1,1146.36273,0.775,14.2,92.0,1.7,79.6
96.0,59.5,0.1,1647.44179,0.768,13.9,91.0,1.7,79.5
96.0,58.5,0.1,1569.66631,0.762,13.7,95.0,1.7,79.4
97.0,57.5,0.1,9985.36959,0.758,13.6,91.0,1.8,79.2
98.0,56.5,0.1,9186.59639,0.752,13.4,85.0,1.8,79.0
16.0,55.5,0.1,8199.414621,0.749,13.3,88.0,1.8,78.1
96.0,54.4,0.1,689.396224,0.747,13.1,86.0,1.9,79.2
99.0,53.4,0.1,6911.136136,0.74,12.9,9.0,1.9,78.9
93.0,52.4,0.1,612.623418,0.734,12.8,89.0,1.9,78.9
16.0,51.4,0.1,5245.187372,0.727,12.6,89.0,2.0,78.0
97.0,5.3,0.1,4697.11135,0.723,12.4,91.0,2.0,78.6
12.0,49.3,0.1,4425.57467,0.719,12.2,9.0,2.1,77.7
1.0,48.3,0.1,4167.71417,0.715,12.1,88.0,2.2,78.0
99.0,47.3,0.1,462.14965,0.712,11.9,94.0,2.2,78.3
1.0,46.4,0.1,3981.52847,0.708,11.7,91.0,2.3,77.5
98.0,45.4,0.1,388.363689,0.702,11.6,88.0,2.4,77.6
95.0,63.7,0.1,11579.6674,0.823,15.3,94.0,1.5,78.0
97.0,63.1,0.1,13467.46827,0.82,15.1,95.0,1.5,77.8
97.0,62.5,0.1,13574.749,0.817,14.9,96.0,1.5,77.7
14.0,61.9,0.1,13235.97757,0.815,14.6,96.0,1.5,77.1
14.0,61.3,0.1,14539.18421,0.808,14.5,96.0,1.6,77.0
16.0,6.6,0.1,1355.74586,0.803,14.2,97.0,1.6,76.6
19.0,6.0,0.1,14157.14416,0.803,14.2,96.0,1.7,76.3
116.0,59.4,0.1,15893.8656,0.8,14.3,96.0,1.7,76.0
114.0,58.7,0.1,13546.69872,0.793,14.3,96.0,1.8,75.8
113.0,58.1,0.1,11363.41845,0.783,13.9,96.0,1.8,75.9
116.0,57.5,0.1,1224.2459,0.777,13.6,96.0,1.8,75.2
114.0,56.9,0.1,9365.742468,0.771,13.3,96.0,1.9,75.4
122.0,56.3,0.1,785.881418,0.765,12.9,94.0,1.9,74.7
124.0,55.8,0.1,653.71637,0.759,12.6,95.0,2.0,74.8
126.0,55.2,0.1,5245.421419,0.749,12.3,94.0,2.0,74.9
127.0,54.7,0.1,4919.62869,0.739,12.2,93.0,2.1,74.7
92.0,61.4,0.1,762.261218,0.773,13.9,99.0,3.5,79.1
93.0,6.7,0.1,75.5199,0.772,14.0,99.0,3.4,79.0
96.0,59.9,0.1,676.15344,0.773,14.7,99.0,3.4,78.7
96.0,59.2,0.1,6425.941119,0.778,15.7,99.0,3.4,78.7
92.0,58.4,0.1,675.92436,0.78,16.5,97.0,3.4,78.8
98.0,57.7,0.1,5676.14143,0.784,17.6,96.0,3.4,78.0
11.0,56.9,0.1,5484.7763,0.782,17.7,96.0,3.4,78.1
12.0,56.2,0.1,5376.447622,0.771,17.1,95.0,3.4,77.9
14.0,55.4,0.1,5184.494227,0.754,16.0,93.0,3.4,78.1
14.0,54.6,0.1,4669.6916,0.732,14.7,89.0,3.4,78.0
19.0,53.8,0.1,3779.577,0.719,14.2,89.0,3.4,77.2
17.0,53.0,0.1,339.716256,0.705,13.2,88.0,3.4,77.3
18.0,52.1,0.1,3192.669378,0.694,12.9,72.0,3.5,77.4
19.0,51.3,0.1,2994.339988,0.692,12.5,99.0,3.5,77.7
115.0,5.4,0.1,2832.188893,0.686,12.3,98.0,3.6,76.7
115.0,49.4,0.1,2741.11542,0.679,12.1,95.0,3.6,76.9
52.0,6.3,0.1,2375.1127,0.854,14.3,97.0,1.0,85.0
53.0,59.8,0.1,2734.88382,0.85,14.0,99.0,0.9,83.0
54.0,59.2,0.1,2797.96736,0.85,13.8,99.0,0.9,81.0
56.0,58.7,0.1,28951.15556,0.85,13.8,99.0,0.9,80.0
57.0,58.3,0.1,32233.83942,0.847,13.8,99.0,0.9,79.7
59.0,57.8,0.1,3818.46396,0.853,14.6,99.0,0.9,79.5
6.0,57.3,0.1,3215.8159,0.849,14.1,99.0,0.9,79.3
62.0,56.8,0.1,3539.7488,0.844,13.7,97.0,0.9,79.1
63.0,56.3,0.1,31386.63265,0.836,13.5,97.0,0.9,78.9
64.0,55.8,0.1,27169.99256,0.829,13.4,97.0,0.9,78.8
65.0,55.3,0.1,25324.48666,0.826,13.5,98.0,0.9,78.7
65.0,54.8,0.1,23932.49128,0.823,13.4,98.0,0.9,78.6
66.0,54.3,0.1,2293.4789,0.815,13.0,98.0,0.9,78.5
68.0,53.8,0.1,16372.29152,0.805,12.5,98.0,0.9,78.4
69.0,53.3,0.1,1562.92433,0.8,12.4,97.0,0.9,78.2
7.0,52.8,0.1,14672.8826,0.798,12.5,97.0,0.9,78.1
86.0,66.1,0.1,1764.97387,0.677,12.3,97.0,1.8,78.8
88.0,65.6,0.1,1764.97387,0.677,12.3,97.0,1.8,78.6
9.0,65.1,0.1,1764.97387,0.677,12.3,98.0,1.8,78.2
93.0,64.5,0.1,1764.97387,0.677,12.3,99.0,1.8,78.0
97.0,64.0,0.1,1764.97387,0.677,12.3,99.0,1.9,77.8
99.0,63.6,0.1,1764.97387,0.677,12.3,99.0,1.9,77.5
12.0,63.1,0.1,1764.97387,0.677,12.3,99.0,1.9,77.1
16.0,62.6,0.1,1764.97387,0.677,12.3,99.0,1.9,77.0
17.0,62.2,0.1,1764.97387,0.677,12.3,99.0,2.0,76.8
19.0,61.8,0.1,1764.97387,0.677,12.3,98.0,2.0,76.5
114.0,61.3,0.1,1764.97387,0.677,12.3,97.0,2.1,75.9
116.0,6.8,0.1,1764.97387,0.677,12.3,98.0,2.1,75.8
122.0,6.4,0.1,1764.97387,0.677,12.3,97.0,2.2,75.2
12.0,59.9,0.1,1764.97387,0.677,12.3,98.0,2.2,75.3
123.0,59.4,0.1,1764.97387,0.677,12.3,98.0,2.2,75.1
126.0,59.0,0.1,1764.97387,0.677,12.3,98.0,2.3,74.7
139.0,32.9,0.1,1764.97387,0.677,12.3,96.0,4.9,76.0
142.0,32.4,0.1,1764.97387,0.677,12.3,93.0,4.9,73.0
146.0,31.8,0.1,1764.97387,0.677,12.3,93.0,5.0,71.0
149.0,31.3,0.1,1764.97387,0.677,12.3,96.0,5.1,69.8
153.0,3.8,0.1,1764.97387,0.677,12.3,94.0,5.1,69.4
157.0,3.3,0.1,1764.97387,0.677,12.3,93.0,5.2,69.0
161.0,29.7,0.1,1764.97387,0.677,12.3,93.0,5.3,68.7
164.0,29.2,0.1,1764.97387,0.677,12.3,92.0,5.4,68.6
166.0,28.7,0.1,1764.97387,0.677,12.3,92.0,5.5,68.5
165.0,28.2,0.1,1764.97387,0.677,12.3,89.0,5.6,68.5
165.0,27.7,0.1,1764.97387,0.677,12.3,79.0,5.7,68.5
165.0,27.2,0.1,1764.97387,0.677,12.3,72.0,5.7,68.4
165.0,26.7,0.1,1764.97387,0.677,12.3,68.0,5.8,68.1
167.0,26.2,0.1,1764.97387,0.677,12.3,64.0,5.9,67.6
177.0,25.7,0.1,1764.97387,0.677,12.3,62.0,5.9,66.6
192.0,25.2,0.1,1764.97387,0.677,12.3,56.0,6.0,65.4
258.0,21.6,1.1,1764.97387,0.677,12.3,81.0,9.5,59.8
266.0,21.1,1.1,1764.97387,0.677,12.3,8.0,9.7,59.3
272.0,2.6,1.2,1764.97387,0.677,12.3,74.0,9.9,58.8
277.0,2.1,1.5,1764.97387,0.677,12.3,75.0,1.0,58.3
278.0,19.6,1.6,1764.97387,0.677,12.3,74.0,1.2,57.9
283.0,19.1,1.6,1764.97387,0.677,12.3,6.0,1.4,57.4
292.0,18.6,1.7,1764.97387,0.677,12.3,72.0,1.6,56.7
295.0,18.2,1.8,1764.97387,0.677,12.3,65.0,1.8,56.3
299.0,17.8,1.9,1764.97387,0.677,12.3,7.0,11.1,55.7
36.0,17.3,2.0,1764.97387,0.677,12.3,62.0,11.3,55.0
314.0,16.9,2.0,1764.97387,0.677,12.3,6.0,11.5,54.3
323.0,16.5,2.1,1764.97387,0.677,12.3,54.0,11.7,53.5
332.0,16.1,2.2,1764.97387,0.677,12.3,41.0,11.9,52.8
341.0,15.7,2.4,1764.97387,0.677,12.3,38.0,12.1,52.1
34.0,15.3,2.4,1764.97387,0.677,12.3,3.0,12.2,51.8
346.0,14.9,2.5,1764.97387,0.677,12.3,4.0,12.4,51.3
71.0,58.8,0.1,5314.64416,0.923,19.2,93.0,1.1,86.0
73.0,58.4,0.1,62425.5392,0.926,19.2,94.0,1.1,84.0
75.0,58.1,0.1,61191.19263,0.924,18.7,94.0,1.1,81.0
76.0,57.7,0.1,5857.521,0.922,18.4,94.0,1.1,80.0
79.0,57.4,0.1,61753.667,0.91,16.9,91.0,1.1,79.7
84.0,57.0,0.1,5841.41122,0.906,16.8,9.0,1.1,79.2
86.0,56.6,0.1,58163.29359,0.906,16.8,89.0,1.1,78.9
88.0,56.3,0.1,64322.6664,0.906,16.8,88.0,1.1,78.8
93.0,55.9,0.1,58487.451,0.904,16.7,87.0,1.2,78.4
93.0,55.4,0.1,5226.99311,0.902,16.9,93.0,1.2,78.1
92.0,55.0,0.1,48799.8237,0.897,16.6,93.0,1.2,78.1
98.0,54.4,0.1,46511.6457,0.893,16.5,95.0,1.2,77.7
11.0,53.9,0.1,4458.7764,0.882,16.3,96.0,1.2,77.3
14.0,53.3,0.1,33228.69291,0.875,16.6,98.0,1.2,77.0
12.0,52.8,0.1,3751.64946,0.862,16.2,97.0,1.3,77.0
12.0,52.2,0.1,3743.55917,0.86,16.5,97.0,1.3,76.9
241.0,35.0,2.1,1862.167274,0.47,6.3,84.0,5.6,63.5
252.0,34.4,2.1,174.91511,0.467,6.3,78.0,5.6,63.0
256.0,33.8,2.1,1622.637974,0.464,6.3,82.0,5.6,62.7
263.0,33.2,1.9,1536.15685,0.46,6.3,81.0,5.6,62.2
268.0,32.7,2.7,143.986898,0.451,5.9,87.0,5.6,61.8
273.0,32.2,3.1,1325.99724,0.441,5.5,88.0,5.6,61.3
279.0,31.7,3.2,1253.657431,0.436,5.3,89.0,5.7,69.0
289.0,31.3,3.3,1214.77118,0.427,5.0,89.0,5.7,62.0
296.0,3.9,3.5,147.586896,0.416,4.5,88.0,5.8,59.8
39.0,3.6,3.7,965.6693779,0.405,4.3,72.0,5.8,59.1
318.0,3.2,3.9,94.7297489,0.396,4.0,71.0,5.9,58.6
326.0,29.8,4.0,864.184726,0.388,3.7,64.0,6.0,58.1
325.0,29.4,4.2,819.974118,0.378,3.5,68.0,6.1,58.0
322.0,29.0,4.3,792.15412,0.372,3.3,62.0,6.2,57.9
323.0,28.6,4.3,781.2322196,0.363,2.9,53.0,6.3,57.7
325.0,28.2,4.1,768.176767,0.361,2.9,46.0,6.4,57.4
152.0,58.9,0.3,6468.471648,0.718,13.2,85.0,3.3,73.9
154.0,57.9,0.3,6268.692122,0.712,13.2,91.0,3.3,73.6
157.0,56.8,0.3,627.55544,0.709,13.2,83.0,3.3,73.4
174.0,55.8,0.4,5968.876767,0.706,13.1,85.0,3.3,72.1
16.0,54.7,0.7,5759.643,0.703,13.0,84.0,3.3,73.1
166.0,53.6,0.9,5451.6696,0.697,12.9,88.0,3.3,72.7
157.0,52.6,1.2,4952.67753,0.695,12.9,82.0,3.4,73.6
161.0,51.5,1.4,511.37937,0.692,12.8,82.0,3.4,73.3
164.0,5.4,1.6,4647.31359,0.685,12.7,85.0,3.4,72.9
178.0,49.3,1.8,3836.468771,0.677,12.6,89.0,3.5,72.3
28.0,48.2,2.0,3681.5993,0.668,12.6,87.0,3.5,69.7
214.0,47.2,2.1,2421.9662,0.666,12.5,79.0,3.6,69.3
22.0,46.1,2.3,2372.628827,0.665,12.4,79.0,3.6,73.0
189.0,45.1,2.4,38.46578,0.66,12.3,82.0,3.7,71.4
188.0,44.1,2.5,2862.154836,0.656,12.3,72.0,3.8,71.2
176.0,43.1,2.5,282.4242,0.651,12.2,78.0,3.8,72.0
118.0,54.2,0.1,625.62224,0.739,14.0,78.0,1.2,76.2
121.0,53.5,0.1,6432.216537,0.737,14.0,83.0,1.2,76.0
121.0,52.8,0.1,674.9829,0.725,13.4,87.0,1.3,76.0
127.0,52.1,0.1,572.14313,0.717,13.3,87.0,1.3,75.5
131.0,51.4,0.1,5223.351763,0.71,13.2,88.0,1.3,75.3
134.0,5.7,0.1,4657.32361,0.703,13.1,91.0,1.3,75.0
137.0,5.0,0.1,4255.56571,0.702,13.1,94.0,1.3,75.1
139.0,49.3,0.1,4274.95265,0.698,13.0,96.0,1.3,74.6
14.0,48.6,0.2,359.71886,0.696,12.9,96.0,1.4,74.7
144.0,47.9,0.3,335.786541,0.693,12.8,96.0,1.4,74.4
151.0,47.2,0.3,321.942547,0.688,12.8,92.0,1.4,74.2
148.0,46.5,0.3,278.557892,0.682,12.7,88.0,1.5,74.4
151.0,45.8,0.3,244.46898,0.679,12.6,87.0,1.5,74.4
157.0,45.1,0.3,2183.966796,0.675,12.5,88.0,1.5,73.6
158.0,44.3,0.3,193.741571,0.67,12.4,89.0,1.6,73.4
163.0,43.6,0.3,1451.29776,0.668,12.4,87.0,1.6,72.8
159.0,61.1,0.1,1764.97387,0.688,13.1,93.0,2.8,79.0
161.0,6.2,0.1,1764.97387,0.686,13.1,94.0,2.8,78.0
159.0,59.4,0.1,1764.97387,0.681,12.8,97.0,2.9,79.0
165.0,58.6,0.1,1764.97387,0.673,12.4,93.0,2.9,72.0
168.0,57.8,0.1,1764.97387,0.671,12.4,96.0,2.9,74.0
173.0,57.0,0.1,1764.97387,0.665,12.2,97.0,3.0,70.0
174.0,56.2,0.1,1764.97387,0.659,12.0,97.0,3.0,69.9
172.0,55.5,0.1,1764.97387,0.651,11.9,97.0,3.1,69.8
171.0,54.8,0.1,1764.97387,0.644,11.7,98.0,3.1,69.7
175.0,54.2,0.1,1764.97387,0.636,11.5,98.0,3.2,69.5
174.0,53.5,0.1,1764.97387,0.629,11.4,98.0,3.2,69.4
176.0,52.9,0.1,1764.97387,0.623,11.2,97.0,3.3,69.0
178.0,52.3,0.1,1764.97387,0.621,11.3,98.0,3.3,68.6
177.0,51.8,0.1,1764.97387,0.617,11.2,97.0,3.4,68.7
177.0,51.2,0.1,1764.97387,0.612,11.1,99.0,3.5,68.6
171.0,5.7,0.1,1764.97387,0.606,11.0,98.0,3.6,68.8
178.0,56.1,0.2,4127.11775,0.678,13.2,91.0,1.6,73.5
181.0,55.4,0.2,3988.771871,0.676,13.2,94.0,1.6,73.3
184.0,54.7,0.2,3895.664491,0.675,13.2,92.0,1.6,73.0
181.0,54.1,0.3,3827.786267,0.67,13.2,92.0,1.6,73.0
197.0,53.4,0.3,3736.58713,0.666,13.0,89.0,1.7,72.0
191.0,52.8,0.3,3474.392445,0.662,12.9,89.0,1.7,72.0
23.0,52.1,0.3,3366.482133,0.662,12.8,91.0,1.7,71.4
194.0,51.4,0.3,357.347674,0.659,13.4,98.0,1.8,71.7
23.0,5.8,0.3,334.83817,0.657,12.9,99.0,1.8,71.2
211.0,5.1,0.2,362.951768,0.651,12.9,96.0,1.8,75.0
213.0,49.4,0.2,2835.281237,0.644,12.7,89.0,1.9,71.0
215.0,48.6,0.3,2632.79942,0.636,12.4,9.0,1.9,70.0
29.0,47.8,0.3,2519.737387,0.628,12.0,94.0,2.0,69.9
24.0,47.0,0.4,248.4125,0.621,11.8,81.0,2.0,73.0
219.0,46.2,0.4,2338.772244,0.615,11.6,92.0,2.1,68.9
218.0,45.3,0.4,2238.4116,0.607,11.3,99.0,2.1,69.0
32.0,24.5,4.2,1347.31257,0.582,9.2,16.0,8.4,58.2
32.0,24.0,4.4,192.59733,0.582,9.2,2.0,8.5,57.9
327.0,23.5,5.7,2246.9938,0.586,9.2,3.0,8.6,57.4
337.0,23.0,8.2,21557.6528,0.583,9.2,24.0,8.7,56.7
344.0,22.6,7.7,21451.88617,0.58,9.2,41.0,8.9,56.2
339.0,22.1,7.2,17136.44568,0.589,9.2,44.0,9.0,56.1
34.0,21.7,7.3,1653.2937,0.59,9.1,43.0,9.2,55.7
338.0,21.3,6.3,22742.38159,0.592,9.1,42.0,9.3,55.4
339.0,2.9,5.9,15761.83913,0.587,9.0,41.0,9.5,55.0
337.0,2.5,5.3,12732.2759,0.569,9.0,4.0,9.7,54.8
337.0,2.2,4.9,185.63334,0.563,8.7,39.0,9.8,54.4
336.0,19.8,4.4,685.34897,0.553,8.5,38.0,1.0,54.1
334.0,19.5,3.6,3577.176197,0.554,8.4,37.0,1.2,53.8
334.0,19.1,2.9,2711.17114,0.542,8.2,36.0,1.4,53.5
334.0,18.7,2.3,2283.87939,0.527,8.0,35.0,1.6,53.1
336.0,18.3,1.9,172.68491,0.0,0.0,34.0,1.7,52.7
255.0,18.6,0.4,1764.97387,0.418,5.0,95.0,8.4,64.7
261.0,18.0,0.4,1764.97387,0.416,5.0,94.0,8.5,64.4
266.0,17.5,0.5,1764.97387,0.414,5.0,94.0,8.6,64.0
274.0,17.0,0.6,1764.97387,0.41,5.0,94.0,8.7,63.6
286.0,16.5,0.7,582.775532,0.405,5.0,96.0,8.8,62.9
298.0,16.0,0.9,482.14994,0.404,5.1,9.0,8.9,62.1
311.0,15.5,1.0,43.7544499,0.402,5.2,92.0,9.0,61.4
322.0,15.1,1.1,326.825642,0.406,5.2,94.0,9.1,67.0
329.0,14.7,1.3,317.3294336,0.405,5.3,91.0,9.2,62.0
336.0,14.3,1.4,297.828588,0.405,5.3,94.0,9.3,59.7
34.0,13.9,1.6,276.75896,0.0,5.4,96.0,9.4,59.4
342.0,13.6,1.8,287.4222243,0.0,5.0,98.0,9.6,59.1
343.0,13.3,1.9,232.7945459,0.0,4.7,93.0,9.7,58.8
343.0,13.1,1.9,21.7687981,0.0,4.4,9.0,9.9,58.5
345.0,12.8,2.0,215.139213,0.0,4.3,86.0,1.0,58.1
593.0,12.6,1.9,28.1969487,0.0,3.9,81.0,1.2,45.3
119.0,59.9,0.1,1774.9291,0.863,16.5,93.0,1.9,77.6
122.0,59.4,0.1,19941.45532,0.86,16.5,93.0,1.9,77.3
127.0,59.0,0.1,1929.7746,0.856,16.5,94.0,1.9,76.9
135.0,58.5,0.1,17421.8922,0.85,16.5,94.0,1.9,76.3
138.0,58.0,0.1,17454.84342,0.838,16.4,93.0,1.9,76.1
137.0,57.6,0.1,14638.6482,0.833,16.2,94.0,1.9,75.6
156.0,57.1,0.1,14726.31828,0.836,16.1,95.0,2.0,74.9
167.0,56.7,0.1,1894.5485,0.835,16.1,95.0,2.0,74.2
189.0,56.3,0.1,16586.452,0.829,16.1,95.0,2.0,73.0
188.0,55.9,0.1,12595.4165,0.822,16.1,95.0,2.1,73.0
189.0,55.5,0.1,1338.31322,0.812,15.9,96.0,2.1,72.8
195.0,55.2,0.1,885.465115,0.805,15.7,94.0,2.2,72.3
199.0,54.9,0.1,7174.237415,0.798,15.6,94.0,2.2,71.9
211.0,54.6,0.1,538.347781,0.791,15.4,94.0,2.3,71.2
225.0,54.3,0.1,4498.95727,0.781,15.0,94.0,2.4,78.0
218.0,54.0,0.1,47.32827,0.764,14.4,93.0,2.5,78.0
225.0,17.6,0.6,645.4637627,0.441,8.4,77.0,1.4,64.8
234.0,17.2,0.6,571.1622759,0.435,8.4,77.0,1.5,64.2
237.0,16.8,0.9,52.1535887,0.427,8.4,72.0,1.6,63.7
241.0,16.4,1.2,468.567249,0.422,8.4,69.0,1.7,63.3
249.0,16.0,1.4,354.8463544,0.411,8.2,65.0,1.9,62.6
261.0,15.6,1.7,341.39992,0.401,8.1,61.0,11.0,61.8
274.0,15.3,2.0,379.7566385,0.393,8.1,58.0,11.1,68.0
289.0,14.9,2.4,325.3825543,0.378,7.6,54.0,11.2,59.8
39.0,14.5,2.8,243.326822,0.362,7.1,5.0,11.3,58.5
328.0,14.2,3.3,193.794956,0.346,6.6,46.0,11.4,57.2
343.0,13.8,3.7,161.6266248,0.325,5.8,44.0,11.5,56.0
354.0,13.5,4.1,135.7623858,0.31,5.4,4.0,11.5,55.0
363.0,13.2,4.4,118.8734466,0.306,5.2,37.0,11.6,54.0
369.0,12.9,4.6,111.3634356,0.298,4.9,35.0,11.7,53.2
372.0,12.6,4.9,12.1789279,0.283,4.3,32.0,11.8,52.5
391.0,12.3,5.0,123.876257,0.0,3.9,3.0,11.9,51.2
188.0,62.7,0.1,4921.89629,0.734,15.3,99.0,4.0,69.9
19.0,61.9,0.1,546.3728,0.727,15.2,99.0,4.0,69.7
192.0,61.1,0.1,4763.68956,0.719,15.0,99.0,4.0,69.6
195.0,6.2,0.1,4546.73854,0.714,14.9,99.0,4.0,69.4
197.0,59.5,0.1,4353.121392,0.709,14.7,99.0,4.0,69.2
2.0,58.7,0.1,3651.966784,0.706,14.6,99.0,4.0,69.1
23.0,58.0,0.1,3369.48247,0.704,14.5,99.0,4.0,68.9
26.0,57.3,0.1,4177.657789,0.7,14.3,99.0,4.0,68.7
29.0,56.6,0.1,478.82327,0.698,14.2,99.0,4.1,68.6
211.0,55.9,0.1,3749.939813,0.695,14.0,98.0,4.1,68.5
214.0,55.1,0.1,3658.63832,0.699,13.9,96.0,4.1,68.3
218.0,54.2,0.1,3332.918533,0.691,13.4,95.0,4.2,68.1
22.0,53.2,0.1,2835.973972,0.689,13.3,94.0,4.2,68.0
22.0,52.2,0.1,2259.55796,0.687,13.3,93.0,4.2,67.9
221.0,51.2,0.1,238.891729,0.683,13.2,91.0,4.3,67.8
221.0,5.2,0.1,276.1338,0.681,13.1,9.0,4.3,67.7
76.0,62.1,0.1,4245.39744,0.893,17.0,97.0,0.9,81.1
78.0,61.7,0.1,49914.61864,0.89,17.0,98.0,0.9,89.0
79.0,61.4,0.1,49638.7713,0.887,17.0,98.0,0.9,87.0
82.0,61.0,0.1,47415.55987,0.884,17.0,99.0,0.9,84.0
86.0,6.6,0.1,579.72415,0.878,16.9,99.0,0.9,83.0
89.0,6.2,0.1,4622.41516,0.874,16.8,99.0,0.9,79.9
91.0,59.8,0.1,4717.15571,0.878,17.0,99.0,0.9,79.7
94.0,59.4,0.1,5341.31487,0.876,17.1,99.0,0.9,79.6
96.0,59.0,0.1,48288.5491,0.873,17.2,99.0,0.9,79.3
96.0,58.6,0.1,4112.67651,0.869,17.2,97.0,0.9,79.2
11.0,58.1,0.1,38969.17163,0.864,17.1,97.0,0.9,78.9
12.0,57.6,0.1,37636.11173,0.869,18.3,98.0,0.9,78.7
98.0,57.1,0.1,32816.1688,0.866,18.1,98.0,0.9,78.4
98.0,56.6,0.1,26834.2625,0.863,18.0,98.0,0.9,78.1
1.0,56.1,0.1,24913.24452,0.856,17.7,98.0,0.9,78.0
15.0,55.5,0.1,24253.2542,0.847,17.3,99.0,0.9,77.5
78.0,62.5,0.1,36526.7711,0.894,16.3,98.0,0.7,82.4
79.0,62.0,0.1,42955.24287,0.89,16.2,98.0,0.6,82.2
81.0,61.6,0.1,42554.1225,0.887,16.2,99.0,0.6,82.0
83.0,61.1,0.1,4838.2444,0.885,16.1,99.0,0.6,81.5
83.0,6.6,0.1,4381.288,0.882,16.1,99.0,0.6,81.7
86.0,6.1,0.1,473.34279,0.879,16.0,99.0,0.6,81.3
88.0,59.6,0.1,41631.13141,0.879,16.0,98.0,0.6,81.1
88.0,59.1,0.1,45413.6571,0.877,16.1,98.0,0.6,89.0
89.0,58.6,0.1,416.58397,0.873,16.1,98.0,0.6,89.0
92.0,58.0,0.1,36544.5853,0.87,16.1,99.0,0.6,86.0
93.0,57.5,0.1,34879.72633,0.86,15.5,98.0,0.6,81.0
94.0,57.0,0.1,33874.74255,0.857,15.5,98.0,0.6,82.0
99.0,56.4,0.1,29691.18158,0.852,15.4,97.0,0.6,79.3
11.0,55.8,0.1,24275.2426,0.851,15.5,97.0,0.7,79.2
13.0,55.2,0.1,22527.31775,0.849,15.6,97.0,0.7,79.0
13.0,54.6,0.1,22465.64184,0.844,15.7,97.0,0.7,78.8
229.0,36.3,2.7,7388.984144,0.694,12.6,8.0,6.1,66.0
237.0,35.8,2.8,9692.163874,0.687,12.6,7.0,6.1,65.5
255.0,35.2,3.7,9679.742995,0.678,12.5,79.0,6.2,64.6
276.0,34.6,4.9,9774.18117,0.669,12.5,82.0,6.3,63.5
289.0,34.1,6.0,1716.2258,0.664,12.5,75.0,6.4,62.8
294.0,33.5,7.0,8754.113376,0.66,12.5,67.0,6.5,62.3
31.0,33.0,8.0,763.66223,0.652,12.4,76.0,6.7,61.7
298.0,32.4,8.9,194.2746,0.651,12.4,82.0,6.8,61.6
291.0,31.9,10.0,8352.81711,0.645,12.4,81.0,6.9,61.6
288.0,31.4,10.7,727.777345,0.646,12.4,45.0,7.1,61.4
37.0,3.8,10.9,6741.293948,0.64,12.4,45.0,7.2,65.0
322.0,3.3,11.1,5685.577736,0.64,12.3,45.0,7.4,59.7
32.0,29.8,11.0,4892.11618,0.638,12.3,45.0,7.5,59.7
315.0,29.2,10.7,412.55271,0.636,12.3,45.0,7.7,59.7
37.0,28.7,10.1,3976.14887,0.633,12.3,45.0,7.8,59.8
296.0,28.1,9.5,4116.46693,0.637,12.2,45.0,8.0,61.0
262.0,27.3,1.7,1764.97387,0.45,8.9,97.0,7.3,61.1
266.0,26.7,1.7,1764.97387,0.449,8.9,96.0,7.5,68.0
266.0,26.0,1.6,1764.97387,0.445,8.9,97.0,7.6,66.0
269.0,25.4,1.4,1764.97387,0.44,8.8,98.0,7.8,62.0
277.0,24.8,1.8,1764.97387,0.441,8.7,96.0,8.0,59.8
284.0,24.1,2.1,1764.97387,0.439,8.8,97.0,8.2,59.3
286.0,23.5,2.7,1764.97387,0.434,8.9,98.0,8.4,59.0
287.0,22.8,3.0,1764.97387,0.426,8.6,96.0,8.6,58.7
288.0,22.2,3.1,1764.97387,0.42,8.4,95.0,8.8,58.5
288.0,21.5,3.0,1764.97387,0.415,8.1,95.0,9.0,58.2
294.0,2.9,3.0,1764.97387,0.412,7.8,95.0,9.2,57.7
296.0,2.3,2.9,1764.97387,0.404,7.6,87.0,9.4,57.3
297.0,19.7,2.7,1764.97387,0.395,7.3,87.0,9.6,57.0
298.0,19.1,2.5,1764.97387,0.392,7.0,87.0,9.8,56.6
3.0,18.5,2.3,1764.97387,0.384,6.8,87.0,1.0,56.3
33.0,18.0,2.0,1764.97387,0.377,6.5,8.0,1.2,55.9
129.0,56.2,0.1,3764.64912,0.768,13.9,94.0,2.7,74.4
125.0,55.3,0.1,4429.6575,0.759,13.5,91.0,2.7,74.5
128.0,54.4,0.1,4274.376857,0.755,13.5,93.0,2.7,74.5
13.0,53.6,0.1,4142.869175,0.749,13.4,92.0,2.6,74.2
127.0,52.8,0.1,3725.63221,0.742,13.3,94.0,2.6,73.9
132.0,52.0,0.1,2964.47734,0.738,13.3,92.0,2.6,73.8
133.0,51.3,0.1,276.588512,0.734,12.8,88.0,2.6,73.2
128.0,5.5,0.1,3174.9491,0.735,13.1,92.0,2.6,73.9
12.0,49.9,0.1,2492.12878,0.722,12.5,98.0,2.7,74.4
126.0,49.2,0.1,1872.68416,0.714,12.6,88.0,2.7,73.9
128.0,48.6,0.1,153.57521,0.703,12.2,82.0,2.8,73.9
134.0,48.1,0.1,127.367228,0.694,12.0,78.0,2.8,72.3
132.0,47.5,0.1,928.18227,0.684,11.8,75.0,2.9,72.7
142.0,47.0,0.1,779.3845935,0.677,11.8,84.0,2.9,71.7
121.0,46.5,0.1,733.974142,0.673,11.7,87.0,3.0,73.0
129.0,46.0,0.1,691.997711,0.0,11.4,8.0,3.1,71.8
68.0,62.3,0.1,41176.88158,0.924,17.1,95.0,1.1,81.0
69.0,61.9,0.1,4792.65288,0.92,17.0,95.0,1.1,89.0
71.0,61.4,0.1,4653.91143,0.919,16.9,95.0,1.1,86.0
71.0,6.9,0.1,4465.24891,0.916,16.9,95.0,1.1,86.0
74.0,6.4,0.1,4681.32796,0.912,16.8,95.0,1.1,85.0
76.0,59.9,0.1,41785.55691,0.907,16.7,95.0,1.1,81.0
79.0,59.5,0.1,41732.7725,0.906,16.7,96.0,1.1,80.0
8.0,59.0,0.1,45699.19832,0.903,16.6,96.0,1.1,79.9
82.0,58.5,0.1,41814.8191,0.898,16.6,96.0,1.1,79.8
84.0,58.0,0.1,36447.87232,0.892,16.5,96.0,1.1,79.6
85.0,57.6,0.1,34696.6292,0.884,16.4,96.0,1.1,79.2
86.0,57.1,0.1,34165.9343,0.877,16.4,96.0,1.1,79.1
9.0,56.6,0.1,3359.95215,0.872,16.3,97.0,1.1,78.5
91.0,56.1,0.1,2525.16445,0.867,16.3,93.0,1.2,78.4
92.0,55.6,0.1,23687.31689,0.86,16.2,93.0,1.2,78.3
95.0,55.1,0.1,23718.7467,0.855,16.2,9.0,1.2,78.0
249.0,28.6,0.7,1361.11395,0.575,11.4,88.0,6.2,62.4
253.0,28.0,0.8,1432.227943,0.576,11.7,98.0,6.4,62.1
254.0,27.3,0.9,1814.492297,0.57,11.5,9.0,6.6,61.9
257.0,26.7,0.9,1629.8222,0.563,11.2,92.0,6.7,61.6
263.0,26.1,1.3,1574.978653,0.554,10.9,91.0,6.9,61.2
267.0,25.5,1.9,1312.67557,0.547,10.5,94.0,7.1,69.0
271.0,24.9,2.1,186.76538,0.542,10.4,94.0,7.3,66.0
275.0,24.2,2.2,1224.41554,0.53,9.8,93.0,7.5,63.0
28.0,23.6,2.6,19.686718,0.519,9.1,94.0,7.7,59.9
288.0,23.0,2.9,922.9351677,0.51,8.7,84.0,7.9,59.4
296.0,22.4,3.1,498.172394,0.499,8.1,84.0,8.1,58.9
34.0,21.8,3.2,423.1936389,0.491,7.7,8.0,8.4,58.3
38.0,21.2,3.4,373.2815537,0.489,7.9,8.0,8.6,57.9
31.0,2.7,3.5,39.484473,0.484,7.6,78.0,8.8,57.6
39.0,2.1,3.5,273.6596668,0.485,8.0,79.0,9.0,57.4
38.0,19.5,3.6,263.1124679,0.48,7.7,88.0,9.2,57.2
72.0,66.5,0.1,187.78991,0.865,17.2,99.0,0.8,81.0
73.0,66.0,0.1,21673.7817,0.862,17.2,99.0,0.8,88.0
74.0,65.4,0.1,21874.8195,0.86,17.1,99.0,0.8,86.0
76.0,64.9,0.1,22242.68193,0.858,16.8,99.0,0.8,84.0
76.0,64.3,0.1,25916.29353,0.86,16.7,99.0,0.8,85.0
76.0,63.7,0.1,26917.75898,0.859,16.4,99.0,0.8,83.0
78.0,63.1,0.1,2971.973,0.857,16.2,99.0,0.8,80.0
77.0,62.4,0.1,31997.2821,0.853,15.9,99.0,0.8,79.9
8.0,61.8,0.1,28827.32636,0.855,16.4,99.0,0.8,79.4
77.0,61.2,0.1,2481.15781,0.85,16.3,98.0,0.8,79.7
81.0,6.5,0.1,22551.73574,0.839,15.6,96.0,0.8,79.3
81.0,59.9,0.1,21955.149,0.83,15.3,95.0,0.8,79.2
81.0,59.2,0.1,18477.57841,0.823,15.2,94.0,0.8,79.1
81.0,58.6,0.1,1411.31339,0.811,14.6,92.0,0.8,79.0
83.0,58.0,0.1,12538.17883,0.801,14.2,91.0,0.9,78.7
84.0,57.4,0.1,1242.95373,0.794,13.9,89.0,0.9,78.2
142.0,48.4,0.1,9212.192824,0.751,15.8,92.0,3.8,73.6
143.0,47.4,0.1,8569.776998,0.749,15.8,97.0,3.8,73.5
144.0,46.5,0.1,7955.615985,0.746,15.8,97.0,3.8,73.3
146.0,45.6,0.1,7583.1872,0.744,15.8,97.0,3.8,73.1
15.0,44.7,0.1,741.48438,0.741,15.8,95.0,3.8,72.9
154.0,43.9,0.1,7365.666659,0.0,15.8,97.0,3.8,72.6
158.0,43.1,0.1,7395.88125,0.0,15.6,99.0,3.8,72.4
162.0,42.4,0.1,7946.944346,0.0,15.4,99.0,3.8,72.1
164.0,41.8,0.1,7322.596862,0.0,15.3,96.0,3.9,71.9
167.0,41.1,0.1,6764.722867,0.0,15.1,91.0,3.9,71.7
169.0,4.5,0.1,6754.512393,0.0,14.9,99.0,3.9,71.5
187.0,39.9,0.1,5836.17763,0.0,14.8,83.0,4.0,73.0
173.0,39.4,0.1,5773.73577,0.0,14.6,97.0,4.0,71.1
176.0,38.8,0.1,5292.232379,0.0,14.4,98.0,4.1,79.0
178.0,38.2,0.1,519.958715,0.0,14.3,96.0,4.2,77.0
182.0,37.7,0.1,5117.589923,0.0,14.1,97.0,4.3,74.0
186.0,5.6,0.4,3923.573344,0.637,10.7,74.0,1.2,71.9
187.0,49.9,0.4,3687.763767,0.614,10.7,73.0,1.2,71.7
189.0,49.3,0.4,3452.828934,0.611,10.7,85.0,1.2,71.4
189.0,48.6,0.4,3299.65139,0.616,10.6,96.0,1.2,71.3
193.0,47.9,0.4,3187.845296,0.609,10.5,88.0,1.2,71.1
196.0,47.2,0.4,2825.5247,0.602,10.5,94.0,1.3,77.0
198.0,46.5,0.4,2635.753474,0.596,10.4,92.0,1.3,76.0
19.0,45.9,0.4,2794.22189,0.589,10.4,95.0,1.3,79.0
192.0,45.2,0.4,2489.955836,0.578,10.1,85.0,1.3,75.0
24.0,44.5,0.4,2256.56724,0.57,9.8,89.0,1.4,69.7
28.0,43.8,0.4,277.83438,0.567,9.6,87.0,1.4,69.2
21.0,43.1,0.4,1872.73783,0.564,9.3,87.0,1.4,69.6
24.0,42.4,0.4,1753.349471,0.56,9.0,84.0,1.4,69.4
21.0,41.7,0.3,171.771491,0.553,8.8,82.0,1.5,69.3
211.0,41.1,0.3,1568.376276,0.546,8.5,77.0,1.5,68.4
221.0,4.4,0.2,1655.596261,0.539,8.2,81.0,1.6,67.7
284.0,23.3,0.5,554.48766,0.414,8.8,54.0,7.3,59.0
299.0,22.7,0.5,561.997387,0.412,8.6,51.0,7.5,58.1
284.0,22.2,1.0,54.169324,0.406,8.5,63.0,7.7,58.8
288.0,21.7,1.9,52.3485646,0.396,8.5,62.0,7.8,58.4
29.0,21.2,2.0,459.2912,0.385,8.4,63.0,8.0,58.1
291.0,2.8,2.2,438.7513346,0.38,8.3,64.0,8.2,57.8
297.0,2.3,2.3,436.6895539,0.376,8.1,57.0,8.4,57.3
33.0,19.8,2.3,437.4467238,0.371,7.9,6.0,8.6,56.8
36.0,19.4,2.4,49.456775,0.364,7.6,63.0,8.9,56.4
317.0,19.0,2.6,296.68382,0.356,7.1,57.0,9.1,55.6
327.0,18.5,2.7,33.424498,0.346,6.6,59.0,9.3,54.7
334.0,18.1,2.8,386.3288283,0.325,5.1,6.0,9.5,54.0
338.0,17.7,2.9,37.1931781,0.338,5.9,57.0,9.7,53.3
337.0,17.3,3.0,322.811171,0.329,5.5,53.0,9.9,52.9
336.0,16.9,3.0,315.83983,0.322,5.1,5.0,1.1,52.5
328.0,16.6,3.0,34.516918,0.316,4.8,46.0,1.3,52.5
275.0,26.3,3.2,596.8717189,0.421,9.2,87.0,7.1,58.9
282.0,25.6,3.4,642.6256154,0.419,9.2,87.0,7.3,58.4
279.0,25.0,4.5,61.566347,0.415,9.1,87.0,7.5,58.1
285.0,24.3,5.3,67.7518833,0.416,9.1,87.0,7.7,57.6
289.0,23.7,5.7,692.69989,0.41,9.0,86.0,7.8,57.1
287.0,23.1,5.9,543.957418,0.405,8.9,83.0,8.0,56.7
288.0,22.5,6.0,544.222779,0.401,8.9,8.0,8.3,56.3
297.0,21.9,6.0,583.5445622,0.398,8.8,77.0,8.5,55.6
32.0,21.3,5.7,481.694976,0.394,8.8,74.0,8.7,55.0
36.0,2.7,5.6,418.94454,0.388,8.3,71.0,8.9,54.4
37.0,2.1,5.4,424.9534585,0.0,8.0,68.0,9.2,53.9
38.0,19.6,5.0,393.3138244,0.0,7.7,64.0,9.4,53.5
38.0,19.0,4.6,36.5718585,0.0,7.4,6.0,9.6,53.0
35.0,18.5,4.1,321.481324,0.0,7.1,57.0,9.8,52.8
32.0,17.9,3.6,39.486749,0.0,6.7,53.0,1.0,52.5
3.0,17.4,3.1,297.7519443,0.0,6.4,49.0,1.2,52.1
215.0,46.7,0.3,4136.689919,0.638,10.3,95.0,5.5,66.2
217.0,45.9,0.3,43.82321,0.636,10.3,98.0,5.5,66.0
218.0,45.0,0.3,3944.178173,0.633,10.3,98.0,5.5,65.9
22.0,44.1,0.3,3785.935665,0.63,10.6,97.0,5.6,65.8
229.0,43.2,0.4,3439.597513,0.624,10.3,93.0,5.6,65.6
221.0,42.4,0.4,326.281212,0.618,10.2,95.0,5.6,65.9
218.0,41.6,0.3,2716.35256,0.618,10.5,98.0,5.6,66.1
218.0,4.9,0.8,2576.124957,0.618,10.7,93.0,5.6,66.3
232.0,4.3,1.9,2327.58324,0.62,11.2,94.0,5.7,65.7
24.0,39.6,1.1,1945.6395,0.622,11.7,93.0,5.7,65.2
238.0,39.0,1.8,198.455216,0.619,11.4,93.0,5.7,65.0
237.0,38.4,1.9,145.58861,0.613,11.2,91.0,5.8,65.1
237.0,37.8,2.1,986.7958173,0.611,11.1,9.0,5.8,65.3
244.0,37.1,2.3,96.8674827,0.609,11.0,91.0,5.9,65.3
247.0,36.4,1.7,925.582546,0.606,10.9,85.0,5.9,65.4
246.0,35.7,1.1,946.599372,0.602,10.9,88.0,5.9,65.4
24.0,49.9,0.5,814.5463952,0.49,9.1,6.0,3.9,63.5
245.0,48.8,0.5,83.1148117,0.487,9.1,48.0,3.9,63.1
253.0,47.7,0.5,81.265673,0.483,9.1,68.0,3.9,62.7
259.0,46.5,0.8,766.8437623,0.477,8.9,67.0,3.9,62.3
259.0,45.3,1.5,74.9358452,0.47,8.7,68.0,4.0,62.3
682.0,44.2,1.9,662.2795182,0.47,8.6,66.0,4.0,36.3
251.0,43.0,2.0,668.297646,0.466,8.5,65.0,4.1,62.5
259.0,41.8,2.4,674.7564147,0.462,8.4,63.0,4.2,62.1
266.0,4.7,2.7,615.8198192,0.458,8.4,63.0,4.2,61.8
28.0,39.6,3.3,55.47626,0.455,8.3,6.0,4.3,61.1
29.0,38.5,3.9,465.311876,0.452,8.2,6.0,4.4,65.0
32.0,37.5,4.3,387.9429725,0.45,8.1,55.0,4.5,58.7
3.0,36.5,4.6,329.782946,0.447,8.1,53.0,4.5,59.7
33.0,35.6,4.8,393.16327,0.444,8.0,48.0,4.6,59.3
35.0,34.8,5.0,413.7383164,0.443,7.9,45.0,4.7,58.9
35.0,34.0,5.1,462.486524,0.439,7.8,41.0,4.8,58.6
147.0,51.0,0.3,2326.15856,0.623,11.2,97.0,2.1,74.6
149.0,5.2,0.3,2242.711912,0.618,11.4,97.0,2.1,74.5
15.0,49.3,0.4,2136.77395,0.614,11.6,97.0,2.2,74.3
151.0,48.4,0.4,2178.38325,0.614,11.6,97.0,2.2,74.1
153.0,47.6,0.4,212.584798,0.611,11.7,97.0,2.2,73.9
156.0,46.8,0.4,1932.85829,0.606,11.5,97.0,2.3,73.6
157.0,45.9,0.5,1815.489496,0.603,11.3,97.0,2.3,73.4
159.0,45.1,0.6,1751.595857,0.597,11.1,93.0,2.3,73.2
16.0,44.3,0.7,1592.572182,0.59,10.9,94.0,2.4,73.0
161.0,43.5,0.8,1437.628785,0.583,10.8,95.0,2.4,72.8
163.0,42.8,0.9,1311.741714,0.577,10.6,98.0,2.5,72.5
165.0,42.0,1.2,1217.657961,0.571,10.4,94.0,2.6,72.2
166.0,41.2,1.4,1157.3427,0.566,10.3,92.0,2.6,71.9
169.0,4.4,1.5,1132.8721,0.561,10.1,95.0,2.7,71.6
171.0,39.6,1.6,113.4546,0.557,9.9,96.0,2.7,71.3
174.0,38.8,1.7,188.783165,0.551,9.8,94.0,2.8,71.0
134.0,64.8,0.1,12365.6263,0.834,15.6,99.0,1.6,75.8
137.0,64.2,0.1,14117.97668,0.834,15.8,99.0,1.7,75.6
139.0,63.6,0.1,13613.6147,0.824,15.4,99.0,1.7,75.5
146.0,63.0,0.1,12834.32349,0.823,15.4,99.0,1.7,75.0
15.0,62.4,0.1,1448.87958,0.821,15.4,99.0,1.7,74.8
156.0,61.7,0.1,1325.53379,0.817,15.3,99.0,1.8,74.5
162.0,61.1,0.1,12967.16543,0.816,15.3,99.0,1.8,74.2
165.0,6.5,0.1,15669.25929,0.812,15.3,99.0,1.9,74.1
176.0,59.9,0.1,13842.6549,0.809,15.3,99.0,1.9,73.5
177.0,59.3,0.1,11398.76584,0.802,15.2,99.0,2.0,73.4
182.0,58.8,0.1,11161.72441,0.795,15.0,99.0,2.0,72.9
18.0,58.2,0.1,1259.5266,0.793,15.3,99.0,2.1,72.9
184.0,57.6,0.1,8396.25323,0.784,14.9,99.0,2.1,72.5
184.0,57.1,0.1,665.6443,0.775,14.6,99.0,2.2,72.5
185.0,56.6,0.1,527.85364,0.769,14.2,99.0,2.2,72.3
193.0,56.1,0.1,4623.46712,0.761,13.9,99.0,2.3,71.7
49.0,61.0,0.1,5734.4436,0.919,19.0,92.0,1.0,82.7
49.0,6.6,0.1,52473.11356,0.915,19.0,9.0,1.0,82.5
5.0,6.2,0.1,4781.3888,0.907,19.0,91.0,1.0,82.4
5.0,59.7,0.1,44333.8518,0.901,18.7,89.0,1.0,82.5
51.0,59.3,0.1,46.217,0.894,18.6,95.0,0.9,82.1
53.0,58.9,0.1,41676.44527,0.894,18.4,96.0,0.9,81.8
55.0,58.5,0.1,4461.89251,0.894,18.4,96.0,0.9,81.6
58.0,58.1,0.1,55575.29196,0.892,18.2,98.0,0.9,81.4
59.0,57.8,0.1,68348.31817,0.887,18.2,97.0,0.9,81.3
61.0,57.4,0.1,5613.54115,0.884,18.1,97.0,0.9,81.1
62.0,56.9,0.1,56249.7555,0.879,17.9,95.0,0.9,81.0
65.0,56.5,0.1,46917.27216,0.873,18.3,99.0,1.0,88.0
65.0,55.9,0.1,3944.999,0.866,17.6,97.0,1.0,87.0
7.0,55.4,0.1,31996.2172,0.859,17.2,95.0,1.0,84.0
72.0,54.8,0.1,28585.9254,0.854,17.1,92.0,1.0,80.0
74.0,54.2,0.1,31813.37344,0.847,16.8,98.0,1.0,79.7
181.0,18.7,0.2,1613.18878,0.615,11.6,87.0,26.7,68.3
184.0,18.1,0.2,1573.11889,0.607,11.6,85.0,26.8,68.0
187.0,17.5,0.2,1452.195373,0.599,11.5,83.0,26.8,67.6
19.0,17.0,0.2,1446.98541,0.59,11.3,82.0,26.9,67.3
193.0,16.4,0.2,1461.671957,0.58,10.8,82.0,26.9,66.8
196.0,15.9,0.2,1345.77153,0.569,10.4,79.0,27.0,66.4
2.0,15.4,0.2,19.317765,0.563,10.5,74.0,27.0,66.0
23.0,14.9,0.3,991.484634,0.556,10.2,7.0,27.0,65.5
26.0,14.4,0.3,118.166373,0.546,9.9,64.0,27.1,65.2
28.0,13.9,0.3,792.259698,0.536,9.7,65.0,27.1,64.8
211.0,13.5,0.3,77.819,0.526,9.4,65.0,27.2,64.4
214.0,13.0,0.3,621.3183767,0.518,9.2,63.0,27.2,64.0
216.0,12.6,0.3,541.1352279,0.505,8.6,61.0,27.3,63.7
219.0,12.2,0.3,466.2842,0.499,8.4,59.0,27.4,63.3
222.0,11.8,0.3,447.138966,0.494,8.3,59.0,27.5,62.9
224.0,11.4,0.3,438.864634,0.489,8.3,58.0,27.7,62.5
176.0,27.4,0.3,3336.16686,0.686,12.9,78.0,1.4,69.1
179.0,26.5,0.3,3491.595887,0.682,12.9,78.0,1.4,68.9
181.0,25.6,0.3,362.663981,0.677,12.9,85.0,1.5,68.7
183.0,24.7,0.3,3687.953996,0.669,12.6,83.0,1.5,68.5
185.0,23.8,0.3,3634.27685,0.662,12.3,81.0,1.6,68.3
187.0,22.9,0.3,3113.48635,0.656,12.1,81.0,1.6,68.1
189.0,22.1,0.3,2254.44566,0.645,11.7,78.0,1.7,67.9
189.0,21.3,0.2,216.52766,0.641,11.7,77.0,1.7,67.7
19.0,2.5,0.2,1855.93915,0.638,11.0,73.0,1.8,67.5
191.0,19.7,0.1,1586.254,0.632,10.9,72.0,1.8,67.3
19.0,19.0,0.1,126.928834,0.629,11.1,72.0,1.9,67.2
213.0,18.2,0.1,1148.56996,0.624,11.0,71.0,1.9,65.3
189.0,17.5,0.1,164.59447,0.613,10.8,71.0,1.9,66.9
189.0,16.7,0.1,899.5556857,0.608,10.6,7.0,11.0,66.7
188.0,16.0,0.1,747.9817455,0.604,10.6,76.0,11.0,66.5
188.0,15.4,0.1,78.92744,0.597,10.7,75.0,11.0,66.3
83.0,59.7,0.1,1764.97387,0.774,14.8,98.0,8.5,75.5
83.0,58.5,0.1,1764.97387,0.77,14.9,99.0,8.3,75.4
83.0,57.2,0.1,1764.97387,0.769,15.0,98.0,8.2,75.3
85.0,56.0,0.1,1764.97387,0.755,13.6,99.0,8.0,75.1
93.0,54.8,0.1,1764.97387,0.745,13.1,99.0,7.9,74.7
16.0,53.6,0.1,1764.97387,0.735,12.9,99.0,7.8,74.1
122.0,52.5,0.1,1764.97387,0.728,12.8,99.0,7.7,73.3
135.0,51.4,0.1,1764.97387,0.716,12.1,99.0,7.6,72.7
138.0,5.4,0.1,1764.97387,0.704,11.8,99.0,7.5,72.4
139.0,49.4,0.1,1764.97387,0.692,11.4,98.0,7.4,72.2
139.0,48.5,0.1,1764.97387,0.687,11.4,95.0,7.4,72.0
139.0,47.6,0.1,1764.97387,0.686,11.8,99.0,7.4,71.8
154.0,46.9,0.1,1764.97387,0.679,11.8,99.0,7.5,75.0
142.0,46.2,0.1,1764.97387,0.674,11.9,99.0,7.6,71.2
146.0,45.5,0.1,1764.97387,0.666,11.6,96.0,7.7,78.0
15.0,44.9,0.1,1764.97387,0.66,11.6,99.0,7.8,73.0
182.0,59.1,0.1,4974.2693,0.649,10.1,58.0,5.3,68.9
199.0,58.5,0.1,673.74737,0.658,10.1,64.0,5.3,67.9
17.0,57.8,0.1,6925.22446,0.659,10.3,68.0,5.3,69.5
147.0,57.2,0.1,6651.12242,0.656,10.5,69.0,5.3,76.0
144.0,56.5,0.1,5854.614497,0.649,10.4,79.0,5.3,77.0
145.0,55.8,0.1,452.74948,0.646,10.4,74.0,5.3,76.0
148.0,55.2,0.1,3735.144836,0.643,10.3,78.0,5.4,74.0
167.0,54.5,0.1,4521.3247,0.638,10.3,69.0,5.4,69.3
227.0,53.8,0.1,3129.224922,0.636,10.2,57.0,5.4,65.9
249.0,53.2,0.1,2351.812429,0.631,10.2,59.0,5.4,64.7
29.0,52.5,0.1,1849.63911,0.628,10.1,65.0,5.4,66.8
21.0,51.9,0.1,1391.816923,0.603,9.8,74.0,5.4,67.2
213.0,51.3,0.1,1764.97387,0.616,9.4,75.0,5.5,66.5
14.0,5.6,0.1,1764.97387,0.614,9.1,77.0,5.5,74.0
142.0,5.1,0.1,1764.97387,0.607,8.7,78.0,5.6,72.0
144.0,49.5,0.1,1764.97387,0.603,8.6,8.0,5.6,70.0
64.0,62.8,0.1,6664.144,0.92,18.6,95.0,0.3,81.4
66.0,62.1,0.1,5553.32623,0.91,18.6,96.0,0.3,81.2
67.0,61.3,0.1,5234.76736,0.902,18.6,96.0,0.3,81.0
69.0,6.5,0.1,49231.36254,0.895,18.5,95.0,0.3,85.0
7.0,59.7,0.1,52567.52568,0.909,18.5,95.0,0.3,84.0
68.0,58.9,0.1,48538.58776,0.907,18.2,94.0,0.3,86.0
77.0,58.2,0.1,51983.78892,0.909,17.9,94.0,0.3,79.7
75.0,57.4,0.1,61235.415,0.908,17.9,93.0,0.3,79.8
75.0,56.6,0.1,61388.17457,0.902,17.6,92.0,0.3,79.5
78.0,55.8,0.1,54326.9713,0.896,17.6,91.0,0.3,79.0
78.0,55.1,0.1,5886.82789,0.889,17.5,9.0,0.3,78.7
82.0,54.4,0.1,47631.6377,0.88,17.1,89.0,0.3,78.3
82.0,53.6,0.1,4117.15532,0.87,16.8,86.0,0.3,78.0
88.0,52.9,0.1,32539.1937,0.862,16.5,83.0,0.3,77.4
89.0,52.2,0.1,28223.55528,0.857,16.4,84.0,0.3,77.0
94.0,51.5,0.1,26241.91883,0.848,16.2,86.0,0.3,76.4
58.0,64.9,0.1,35729.37253,0.898,16.0,95.0,1.2,82.5
6.0,64.6,0.1,37582.84624,0.895,16.0,95.0,1.2,82.2
61.0,64.2,0.1,36393.66932,0.891,15.9,96.0,1.2,82.1
6.0,63.8,0.1,32569.59683,0.889,15.9,94.0,1.2,81.8
61.0,63.4,0.1,33657.15727,0.883,15.8,94.0,1.2,81.8
61.0,63.0,0.1,3661.994,0.878,15.7,95.0,1.2,81.7
63.0,62.6,0.1,27795.87671,0.876,15.6,96.0,1.2,81.5
65.0,62.1,0.1,29657.4421,0.877,15.8,94.0,1.1,81.0
68.0,61.6,0.1,258.637,0.872,15.7,95.0,1.1,84.0
68.0,61.1,0.1,2195.1769,0.87,15.7,95.0,1.1,84.0
71.0,6.6,0.1,2611.17931,0.866,15.8,93.0,1.1,80.0
69.0,6.1,0.1,19888.172,0.863,15.9,95.0,1.1,81.0
71.0,59.6,0.1,18946.99942,0.863,16.0,93.0,1.1,79.7
74.0,59.2,0.1,18431.15696,0.855,15.3,9.0,1.1,79.3
74.0,58.7,0.1,236.19646,0.85,15.1,92.0,1.1,79.3
76.0,58.3,0.1,2152.1432,0.845,15.2,93.0,1.1,78.9
56.0,63.6,0.1,349.14755,0.881,16.3,93.0,0.6,82.7
57.0,63.1,0.1,35396.66517,0.877,16.3,95.0,0.6,82.5
58.0,62.6,0.1,3537.27441,0.876,16.5,96.0,0.5,82.3
6.0,62.1,0.1,34814.12436,0.877,16.6,97.0,0.5,82.0
6.0,61.5,0.1,38334.68477,0.872,16.4,96.0,0.5,82.0
6.0,61.0,0.1,35849.37364,0.869,16.4,96.0,0.5,81.8
61.0,6.5,0.1,36976.84512,0.868,16.3,96.0,0.5,81.6
61.0,59.9,0.1,464.18465,0.866,16.3,96.0,0.5,81.5
63.0,59.4,0.1,37698.78573,0.862,16.1,97.0,0.5,81.3
65.0,58.8,0.1,3341.7482,0.856,16.0,96.0,0.5,81.2
66.0,58.2,0.1,31959.26215,0.851,15.8,95.0,0.5,88.0
66.0,57.6,0.1,31174.56118,0.846,15.6,94.0,0.5,89.0
72.0,57.0,0.1,27387.2258,0.841,15.4,96.0,0.5,79.9
72.0,56.4,0.1,22196.5736,0.836,15.2,93.0,0.5,80.0
75.0,55.7,0.1,24.819,0.828,14.9,93.0,0.5,79.8
77.0,55.0,0.1,251.2426,0.823,14.8,87.0,0.5,79.4
125.0,54.2,0.5,4965.989857,0.729,12.8,91.0,1.8,76.2
133.0,53.5,0.5,4855.743789,0.727,12.8,92.0,1.8,75.8
136.0,52.7,0.6,56.144952,0.727,12.8,93.0,1.8,75.6
138.0,52.0,0.5,521.33363,0.725,12.8,96.0,1.8,75.3
139.0,51.2,0.6,513.549487,0.722,12.8,92.0,1.8,75.2
138.0,5.5,0.5,4682.728424,0.721,12.7,94.0,1.8,75.0
142.0,49.7,0.6,4293.383274,0.721,12.7,9.0,1.9,74.7
145.0,48.9,0.4,492.492378,0.718,12.6,91.0,1.9,74.5
148.0,48.1,0.9,462.517913,0.714,12.5,92.0,1.9,74.2
15.0,47.2,1.5,4313.1682,0.709,12.5,95.0,1.9,74.0
161.0,46.3,1.9,482.24762,0.706,12.4,99.0,1.9,73.5
165.0,45.4,2.3,3719.97351,0.689,11.1,98.0,1.9,73.3
166.0,44.5,2.3,3465.221998,0.694,11.9,96.0,1.9,73.1
167.0,43.5,2.3,3596.496282,0.69,11.7,99.0,2.0,73.0
171.0,42.5,2.2,3394.878,0.68,10.9,99.0,2.0,72.7
171.0,41.6,2.2,336.8742,0.682,11.4,93.0,2.0,72.6
55.0,29.0,0.1,34474.13736,0.902,15.3,96.0,2.1,83.7
57.0,28.6,0.1,3896.21151,0.899,15.3,96.0,2.0,83.5
56.0,28.2,0.1,4454.44746,0.894,15.3,96.0,2.0,83.5
58.0,27.8,0.1,4863.47665,0.889,15.3,97.0,1.9,83.3
64.0,27.4,0.1,48167.99727,0.884,15.1,97.0,1.9,82.5
62.0,26.9,0.1,4457.67639,0.879,15.1,97.0,1.9,83.0
64.0,26.4,0.1,4855.17564,0.881,15.0,97.0,1.8,83.0
66.0,25.9,0.1,39339.29757,0.88,15.0,98.0,1.8,82.7
67.0,25.4,0.1,35275.22843,0.877,15.0,98.0,1.8,82.6
68.0,24.9,0.1,35433.98896,0.873,14.9,98.0,1.7,82.4
69.0,24.4,0.1,37217.64873,0.87,14.9,98.0,1.7,82.0
68.0,23.8,0.1,37688.72234,0.866,14.8,99.0,1.7,82.1
7.0,23.4,0.1,3488.3992,0.863,14.8,97.0,1.7,81.9
7.0,22.9,0.1,32289.3554,0.86,14.7,96.0,1.7,81.8
72.0,22.5,0.1,33846.46564,0.856,14.6,95.0,1.7,81.5
74.0,22.2,0.1,38532.488,0.852,14.5,85.0,1.6,81.1
112.0,65.6,0.1,496.99275,0.741,13.1,99.0,4.0,74.1
113.0,64.8,0.1,466.94775,0.737,13.1,98.0,3.9,74.0
114.0,64.0,0.1,3992.86717,0.737,13.1,98.0,3.9,73.9
115.0,63.2,0.1,387.753211,0.735,12.9,98.0,3.9,73.7
116.0,62.4,0.1,387.324145,0.737,13.1,98.0,3.8,73.6
117.0,61.7,0.1,3679.19275,0.739,13.2,98.0,3.8,73.4
118.0,6.9,0.1,3492.1396,0.742,13.6,98.0,3.8,73.3
119.0,6.1,0.1,3385.69665,0.739,13.6,97.0,3.8,73.1
12.0,59.3,0.1,2762.86354,0.736,13.6,98.0,3.8,73.0
121.0,58.6,0.1,2537.349,0.733,13.7,98.0,3.9,72.8
127.0,57.8,0.1,223.83787,0.73,13.8,95.0,3.9,72.4
125.0,57.0,0.1,261.456882,0.723,13.5,95.0,3.9,72.5
127.0,56.3,0.1,1889.213962,0.717,13.2,97.0,3.9,72.3
129.0,55.5,0.1,1812.288374,0.712,13.0,95.0,3.9,72.1
131.0,54.8,0.1,1728.2659,0.706,12.7,99.0,4.0,71.9
133.0,54.0,0.1,1657.889256,0.7,12.6,91.0,4.0,71.7
198.0,53.1,0.1,159.9817,0.793,15.0,98.0,2.4,72.0
22.0,52.3,0.1,1286.56511,0.789,15.0,95.0,2.4,69.9
28.0,51.4,0.1,1389.8561,0.782,15.0,98.0,2.4,69.5
214.0,5.6,0.1,12387.18982,0.774,14.7,99.0,2.4,69.1
224.0,49.9,0.1,11634.42422,0.766,14.4,99.0,2.3,68.5
236.0,49.2,0.1,97.649972,0.763,14.5,99.0,2.3,67.8
235.0,48.5,0.1,7165.2775,0.758,14.6,98.0,2.3,67.8
258.0,47.9,0.1,8513.564645,0.758,14.6,99.0,2.4,66.6
288.0,47.3,0.1,6771.414797,0.754,14.7,93.0,2.4,65.3
295.0,46.8,0.1,5291.57565,0.747,14.3,99.0,2.4,65.0
294.0,46.3,0.1,3771.278957,0.737,13.9,98.0,2.4,64.6
287.0,45.8,0.1,2874.288291,0.725,13.5,82.0,2.5,64.7
282.0,45.3,0.1,268.123657,0.714,13.1,99.0,2.5,64.4
276.0,44.8,0.1,1658.31146,0.7,12.7,95.0,2.6,64.7
284.0,44.4,0.1,149.926751,0.685,12.3,95.0,2.6,64.4
292.0,43.9,0.1,1229.958,0.676,12.1,97.0,2.7,63.9
249.0,22.0,2.8,1349.97144,0.55,11.1,89.0,7.8,63.4
255.0,21.3,2.9,1335.6458,0.546,11.1,92.0,7.8,62.9
258.0,2.7,3.0,1229.114798,0.541,11.1,87.0,7.9,62.6
263.0,2.1,3.0,1155.2582,0.536,11.1,94.0,8.0,62.1
278.0,19.5,3.4,987.4453967,0.53,11.1,96.0,8.1,61.2
294.0,18.9,4.3,967.34773,0.523,11.1,9.0,8.2,63.0
317.0,18.4,5.0,92.816252,0.514,10.7,88.0,8.2,59.1
339.0,17.9,6.4,916.8992515,0.506,10.4,88.0,8.3,57.9
356.0,17.3,9.1,839.181117,0.494,10.1,81.0,8.4,56.8
388.0,16.9,10.3,697.66385,0.483,9.7,8.0,8.5,55.3
412.0,16.4,11.6,519.7999346,0.474,9.6,76.0,8.6,54.1
432.0,15.9,13.2,458.8843551,0.461,8.9,73.0,8.7,53.0
437.0,15.5,14.5,436.6875357,0.45,8.2,73.0,8.8,52.4
437.0,15.1,15.7,395.8493511,0.451,8.5,84.0,8.9,52.1
434.0,14.7,16.9,41.7763612,0.447,8.4,8.0,9.0,51.9
428.0,14.4,18.1,43.9797132,0.448,8.4,82.0,9.2,51.9
198.0,77.6,0.1,1424.483611,0.586,11.9,78.0,0.1,66.3
2.0,77.1,0.1,1684.54274,0.597,11.9,75.0,0.1,66.1
22.0,76.7,0.1,1724.361737,0.589,11.9,95.0,0.1,65.8
24.0,76.2,0.1,1763.815497,0.581,11.9,94.0,0.1,65.7
26.0,75.7,0.1,1692.613277,0.585,11.9,99.0,0.1,65.5
27.0,75.2,0.1,1493.1651,0.584,11.9,91.0,0.1,65.3
28.0,74.6,0.1,1297.285141,0.576,11.9,86.0,0.1,65.2
21.0,74.1,0.1,1413.3234,0.572,11.6,82.0,0.2,65.1
211.0,73.4,0.1,1357.632211,0.574,11.8,94.0,0.2,65.0
212.0,72.8,0.1,1151.555618,0.576,12.1,86.0,0.2,65.0
213.0,72.1,0.1,1214.556667,0.0,12.2,79.0,0.2,64.9
214.0,71.4,0.1,113.6286,0.0,12.4,62.0,0.2,64.8
215.0,7.6,0.1,115.3865,0.0,11.6,7.0,0.2,64.7
217.0,69.7,0.1,826.58554,0.0,11.7,77.0,0.2,64.6
219.0,68.8,0.1,734.9492461,0.0,10.4,85.0,0.2,64.3
222.0,67.9,0.1,796.7937634,0.0,10.0,9.0,0.2,64.1
81.0,71.4,0.1,28975.418,0.799,13.3,99.0,3.5,74.7
82.0,7.8,0.1,42996.4812,0.787,13.0,95.0,3.4,74.6
83.0,7.2,0.1,48399.9581,0.796,13.1,99.0,3.4,74.5
84.0,69.5,0.1,51264.7134,0.794,13.2,98.0,3.4,74.3
85.0,69.0,0.1,48268.5912,0.792,13.4,99.0,3.3,74.2
86.0,68.4,0.1,38497.61696,0.79,13.5,98.0,3.3,74.0
87.0,67.9,0.1,37567.3121,0.788,13.6,99.0,3.3,73.9
88.0,67.5,0.1,55571.9986,0.787,13.8,99.0,3.3,73.8
89.0,67.1,0.1,45793.97614,0.787,13.9,99.0,3.2,73.7
89.0,66.7,0.1,42717.55725,0.787,14.1,99.0,3.2,73.6
9.0,66.3,0.1,3549.26132,0.789,14.2,99.0,3.2,73.6
91.0,65.9,0.1,26921.8278,0.791,14.4,98.0,3.2,73.5
93.0,65.5,0.1,2271.56961,0.788,14.1,99.0,3.2,73.4
94.0,65.0,0.1,17789.41981,0.785,13.9,99.0,3.2,73.3
95.0,64.5,0.1,1654.96761,0.786,14.0,99.0,3.2,73.2
96.0,64.0,0.1,18389.38433,0.786,14.1,98.0,3.2,73.2
166.0,44.9,0.1,1764.97387,0.662,13.0,97.0,3.3,71.1
17.0,43.9,0.1,1764.97387,0.656,12.8,96.0,3.3,78.0
174.0,43.0,0.1,1764.97387,0.647,12.5,97.0,3.3,77.0
18.0,42.2,0.1,1764.97387,0.638,12.3,96.0,3.2,69.9
188.0,41.4,0.2,1764.97387,0.632,12.1,96.0,3.2,69.4
199.0,4.7,0.1,1764.97387,0.631,12.2,96.0,3.2,68.8
21.0,4.1,0.1,1764.97387,0.629,12.4,95.0,3.3,68.5
217.0,39.5,0.2,1764.97387,0.624,12.6,95.0,3.3,67.6
229.0,39.0,0.1,1764.97387,0.618,12.6,94.0,3.3,67.2
234.0,38.5,0.1,1764.97387,0.613,12.5,92.0,3.3,66.7
224.0,38.0,0.1,1764.97387,0.612,12.4,98.0,3.4,66.9
218.0,37.5,0.1,1764.97387,0.609,12.5,99.0,3.4,67.1
217.0,37.0,0.1,1764.97387,0.602,12.2,98.0,3.5,66.6
215.0,36.5,0.1,1764.97387,0.601,12.1,98.0,3.5,66.7
217.0,36.0,0.1,1764.97387,0.593,11.8,99.0,3.6,67.2
225.0,35.6,0.1,1764.97387,0.586,11.4,99.0,3.6,66.6
194.0,21.7,0.2,1764.97387,0.582,10.8,89.0,8.8,65.7
199.0,2.9,0.2,1764.97387,0.573,10.6,88.0,8.9,65.3
23.0,2.1,0.3,1764.97387,0.563,10.4,87.0,9.0,64.9
28.0,19.4,0.3,1764.97387,0.554,10.2,79.0,9.1,64.4
213.0,18.7,0.3,1764.97387,0.542,9.9,78.0,9.2,64.0
218.0,18.0,0.3,1764.97387,0.535,9.6,74.0,9.3,63.6
223.0,17.3,0.2,1764.97387,0.525,9.4,67.0,9.4,63.1
228.0,16.7,0.2,1764.97387,0.518,9.2,61.0,9.6,62.6
234.0,16.1,0.2,1764.97387,0.509,9.0,5.0,9.7,62.1
24.0,15.5,0.2,1764.97387,0.503,9.0,57.0,9.9,61.5
246.0,14.9,0.2,1764.97387,0.494,8.7,49.0,1.0,61.0
252.0,14.4,0.2,1764.97387,0.485,8.6,45.0,1.1,64.0
259.0,13.8,0.1,1764.97387,0.477,8.3,49.0,1.2,59.8
265.0,13.3,0.1,1764.97387,0.468,8.0,53.0,1.3,59.3
271.0,12.7,0.1,1764.97387,0.463,8.0,52.0,1.4,58.7
278.0,12.3,0.1,1764.97387,0.459,8.0,51.0,1.5,58.1
153.0,61.2,0.1,13666.58336,0.828,16.0,95.0,2.2,74.6
156.0,6.7,0.1,15725.1374,0.822,16.0,92.0,2.2,74.4
161.0,6.2,0.1,1532.22924,0.814,15.4,94.0,2.2,74.1
163.0,59.8,0.1,13822.8559,0.812,15.5,91.0,2.2,73.8
169.0,59.4,0.1,1372.68947,0.81,15.8,92.0,2.2,73.6
18.0,58.9,0.1,11326.21947,0.815,16.0,92.0,2.2,72.8
184.0,58.5,0.1,12219.37379,0.821,16.4,94.0,2.3,72.6
199.0,58.1,0.1,16348.53121,0.819,16.3,94.0,2.3,71.9
221.0,57.7,0.1,1444.1589,0.814,16.2,94.0,2.4,78.0
229.0,57.4,0.1,9667.9757,0.807,16.2,96.0,2.4,75.0
216.0,57.0,0.1,7558.7426,0.791,15.9,99.0,2.5,76.0
26.0,56.6,0.1,6351.8125,0.776,15.5,99.0,2.5,71.0
29.0,56.3,0.1,5134.95694,0.761,15.2,98.0,2.6,78.0
219.0,56.0,0.1,4132.34927,0.746,14.8,97.0,2.7,73.0
228.0,55.7,0.1,3572.8513,0.728,14.2,97.0,2.8,69.9
218.0,55.4,0.1,3352.731296,0.716,13.7,96.0,2.8,71.0
98.0,66.1,0.1,846.632851,0.763,13.3,81.0,4.9,74.9
99.0,65.4,0.1,8161.4614,0.763,13.3,81.0,4.8,74.8
97.0,64.9,0.1,846.285153,0.766,13.3,81.0,4.8,74.9
93.0,64.4,0.1,8787.94668,0.763,13.3,81.0,4.8,75.0
93.0,64.0,0.1,8734.9653,0.758,13.2,81.0,4.7,75.0
94.0,63.5,0.1,8763.826274,0.752,13.3,81.0,4.7,74.9
95.0,63.0,0.1,84.268878,0.746,13.2,81.0,4.7,74.7
98.0,62.5,0.1,712.775759,0.74,13.1,81.0,4.7,74.5
98.0,61.9,0.1,614.271115,0.731,12.9,8.0,4.7,74.4
1.0,61.4,0.1,5372.65899,0.733,13.2,78.0,4.7,74.1
11.0,6.8,0.1,5339.441291,0.0,13.7,77.0,4.7,73.9
13.0,6.2,0.1,5424.22356,0.0,14.2,75.0,4.7,73.7
15.0,59.7,0.1,5425.6697,0.0,14.8,74.0,4.8,73.5
17.0,59.1,0.1,5436.595223,0.0,15.2,77.0,4.8,73.2
11.0,58.6,0.1,5253.122599,0.0,15.0,8.0,4.9,73.0
112.0,57.9,0.1,5334.93329,0.0,14.9,83.0,4.9,72.7
484.0,32.6,9.3,173.82893,0.495,10.7,93.0,5.5,53.7
522.0,32.0,9.4,1174.839214,0.491,10.8,93.0,5.8,52.1
518.0,31.4,9.6,1196.1335,0.484,11.1,93.0,6.1,52.1
513.0,3.8,9.0,1281.516,0.479,11.0,95.0,6.4,52.2
52.0,3.2,10.5,1352.38433,0.469,11.0,96.0,6.8,52.3
527.0,29.7,13.4,1173.26212,0.464,10.9,93.0,7.2,51.1
566.0,29.2,18.2,923.136931,0.453,10.8,91.0,7.6,49.4
592.0,28.8,27.3,934.428563,0.447,10.7,88.0,8.0,47.8
633.0,28.3,30.0,918.432717,0.44,10.6,88.0,8.4,46.2
654.0,27.9,34.1,915.775754,0.437,10.7,89.0,8.8,45.3
675.0,27.4,34.8,862.9463118,0.437,10.7,89.0,9.3,44.5
666.0,26.9,34.6,781.5145936,0.439,10.7,9.0,9.7,44.8
648.0,26.4,33.8,63.636279,0.44,10.5,9.0,1.2,45.5
622.0,25.9,32.5,47.89395,0.446,10.4,84.0,1.6,46.4
586.0,25.4,31.2,437.819184,0.443,10.3,78.0,11.1,47.8
543.0,24.9,29.8,474.8197876,0.445,9.6,83.0,11.5,49.3
259.0,27.3,0.9,452.38717,0.427,9.9,52.0,6.5,61.4
329.0,26.7,0.9,458.4651734,0.426,9.9,5.0,6.7,58.1
258.0,26.1,1.1,454.1222236,0.419,9.8,76.0,6.8,61.1
261.0,25.6,1.2,415.361958,0.416,9.6,8.0,7.0,67.0
266.0,25.0,1.5,379.689583,0.406,9.5,77.0,7.2,62.0
272.0,24.5,1.8,327.42597,0.403,9.6,7.0,7.4,59.7
277.0,24.0,2.1,33.667491,0.4,9.7,81.0,7.6,59.2
281.0,23.4,2.4,232.61732,0.394,9.8,75.0,7.7,58.6
286.0,22.9,2.8,21.3733292,0.383,9.9,65.0,7.9,57.9
32.0,22.4,3.0,178.92799,0.377,10.0,6.0,8.1,56.7
316.0,22.0,3.1,168.648254,0.372,10.1,6.0,8.3,55.3
329.0,21.5,3.2,149.4452549,0.335,10.2,31.0,8.5,54.0
42.0,21.1,3.2,133.494518,0.373,10.3,35.0,8.7,50.0
371.0,2.7,3.1,177.285187,0.376,10.4,39.0,8.8,56.0
333.0,2.4,3.1,174.1815473,0.386,10.5,42.0,9.0,51.5
39.0,2.2,3.1,183.4149991,0.338,8.7,46.0,9.2,51.9
138.0,64.8,0.1,1764.97387,0.719,13.4,97.0,5.8,72.7
143.0,63.8,0.1,1764.97387,0.73,13.4,94.0,5.7,72.4
134.0,62.8,0.1,1764.97387,0.735,13.4,96.0,5.7,72.9
133.0,61.8,0.1,1764.97387,0.706,13.7,98.0,5.6,72.9
161.0,6.9,0.1,562.549434,0.756,14.0,98.0,5.6,71.3
132.0,59.9,0.1,1212.56217,0.755,14.3,98.0,5.6,72.8
132.0,59.0,0.1,1296.97353,0.757,14.6,98.0,5.6,72.7
132.0,58.2,0.1,14396.4865,0.757,14.8,98.0,5.5,72.6
132.0,57.4,0.1,1138.56661,0.756,15.1,98.0,5.5,72.5
134.0,56.7,0.1,9344.987518,0.752,15.4,98.0,5.5,72.2
138.0,56.0,0.1,8171.361651,0.748,15.7,98.0,5.5,71.9
141.0,55.3,0.1,586.8364,0.747,15.9,97.0,5.5,71.5
144.0,54.6,0.1,4676.96753,0.74,16.0,95.0,5.6,71.3
146.0,54.0,0.1,375.442638,0.736,15.8,93.0,5.6,71.1
147.0,53.4,0.1,6269.58123,0.732,15.7,94.0,5.6,71.0
148.0,52.8,0.1,7145.628494,0.727,15.5,94.0,5.7,78.0
165.0,62.4,0.1,14252.42853,0.846,16.5,93.0,2.6,73.6
169.0,61.9,0.1,16554.97139,0.841,16.5,93.0,2.6,73.4
178.0,61.4,0.1,15712.82376,0.834,16.4,93.0,2.7,73.0
176.0,6.9,0.1,14341.836,0.83,16.5,93.0,2.7,73.0
18.0,6.5,0.1,14357.73679,0.826,16.7,92.0,2.7,72.8
188.0,6.0,0.1,11984.86857,0.824,16.8,95.0,2.8,72.4
192.0,59.7,0.1,11837.3913,0.825,16.6,98.0,2.8,72.2
224.0,59.3,0.1,14961.56818,0.82,16.5,96.0,2.9,71.1
24.0,59.0,0.1,12297.91535,0.812,16.4,95.0,2.9,72.0
229.0,58.7,0.1,924.642548,0.807,16.4,94.0,3.0,76.0
222.0,58.4,0.1,7863.1629,0.798,16.2,94.0,3.0,78.0
24.0,58.1,0.1,676.966998,0.792,16.3,94.0,3.1,71.6
22.0,57.8,0.1,555.535669,0.78,15.8,94.0,3.2,71.6
22.0,57.5,0.1,4146.987928,0.77,15.3,95.0,3.3,71.4
21.0,57.2,0.1,353.147337,0.757,14.7,95.0,3.3,71.2
2.0,56.9,0.1,3297.35471,0.745,14.0,94.0,3.4,71.6
63.0,61.3,0.1,1199.8223,0.896,13.9,99.0,1.0,82.0
65.0,6.9,0.1,119172.7418,0.892,13.9,99.0,1.0,81.7
68.0,6.5,0.1,113751.85,0.892,13.9,99.0,0.9,81.4
7.0,6.1,0.1,16749.136,0.892,13.9,99.0,0.9,81.1
72.0,59.6,0.1,115761.577,0.894,13.9,99.0,0.9,88.0
73.0,59.2,0.1,14965.361,0.884,13.7,99.0,0.9,86.0
76.0,58.8,0.1,13198.6693,0.888,13.5,99.0,0.9,83.0
8.0,58.4,0.1,114293.8433,0.887,13.5,99.0,0.9,80.0
82.0,57.9,0.1,1618.4928,0.877,13.5,99.0,0.9,79.7
85.0,57.5,0.1,89739.7117,0.88,13.5,99.0,0.9,79.4
9.0,57.0,0.1,8289.69641,0.874,13.5,99.0,1.0,78.8
92.0,56.4,0.1,75716.3518,0.867,13.5,99.0,1.0,78.7
92.0,55.8,0.1,65445.8853,0.865,13.6,98.0,1.0,78.6
95.0,55.2,0.1,5293.64115,0.86,13.5,99.0,1.0,78.3
96.0,54.6,0.1,48179.4285,0.854,13.4,99.0,1.0,78.0
98.0,54.0,0.1,48735.99549,0.848,13.5,99.0,1.0,77.8
22.0,2.5,0.3,41.8575951,0.511,10.3,69.0,7.1,65.5
225.0,2.0,0.3,452.4631926,0.509,10.3,73.0,7.2,65.1
23.0,19.5,0.4,461.723722,0.508,10.3,74.0,7.3,64.7
235.0,19.0,0.4,443.9611,0.506,10.2,7.0,7.4,64.3
241.0,18.5,0.4,454.963464,0.504,10.2,73.0,7.5,63.8
248.0,18.0,0.5,412.739341,0.503,10.2,7.0,7.6,63.3
254.0,17.6,0.5,415.6893226,0.5,9.7,77.0,7.7,62.8
259.0,17.1,0.5,47.733254,0.491,9.4,77.0,7.8,62.3
261.0,16.7,0.6,377.8482928,0.483,9.1,84.0,7.9,61.9
263.0,16.3,0.6,292.157443,0.478,9.0,85.0,8.0,61.4
265.0,15.8,0.6,274.819723,0.473,8.9,85.0,8.1,69.0
267.0,15.4,0.6,245.1235876,0.466,8.7,78.0,8.2,64.0
268.0,15.0,0.7,316.7998965,0.457,8.5,66.0,8.3,59.9
271.0,14.7,0.7,262.2859481,0.462,8.3,62.0,8.5,59.3
276.0,14.3,0.7,278.555732,0.456,8.2,6.0,8.6,58.7
283.0,13.9,0.6,245.939659,0.0,8.0,57.0,8.7,57.9
365.0,19.6,4.8,362.6575444,0.473,10.8,88.0,6.4,58.3
377.0,19.2,5.1,354.7253961,0.466,10.7,91.0,6.5,57.6
394.0,18.8,6.3,332.922339,0.459,10.7,89.0,6.5,56.7
42.0,18.4,8.3,374.51882,0.454,10.7,96.0,6.6,55.3
441.0,18.0,11.2,512.125451,0.444,10.6,97.0,6.7,54.1
462.0,17.6,13.7,458.8681744,0.43,10.2,93.0,6.8,52.9
491.0,17.3,14.9,42.7379657,0.415,9.9,93.0,6.9,51.5
525.0,16.9,16.9,372.842678,0.4,9.6,91.0,7.0,50.0
559.0,16.6,19.3,32.2227274,0.387,9.7,87.0,7.1,48.5
587.0,16.2,21.1,297.6971211,0.377,9.6,99.0,7.3,47.1
66.0,15.9,22.4,28.3673842,0.371,9.7,93.0,7.4,46.0
615.0,15.5,23.4,274.2256294,0.366,10.0,89.0,7.5,45.1
613.0,15.2,24.2,26.152517,0.362,10.3,84.0,7.6,44.6
67.0,14.8,24.7,29.9798977,0.388,10.4,64.0,7.7,44.0
599.0,14.4,25.1,146.7615397,0.387,10.1,9.0,7.9,43.5
588.0,14.1,25.5,153.2594872,0.391,10.7,75.0,8.0,43.1
123.0,4.6,0.1,9643.644683,0.787,13.1,99.0,7.5,75.0
126.0,39.5,0.1,11183.96191,0.783,13.0,97.0,7.6,74.8
128.0,38.5,0.1,1882.27842,0.779,12.9,97.0,7.8,74.6
129.0,37.4,0.1,1779.49641,0.776,12.9,97.0,7.9,74.5
13.0,36.3,0.1,145.1262,0.774,13.0,96.0,8.0,74.3
131.0,35.3,0.1,971.356987,0.764,12.8,96.0,8.2,74.1
131.0,34.4,0.1,7326.744435,0.756,12.6,97.0,8.3,74.0
132.0,33.4,0.1,8513.629541,0.747,12.5,97.0,8.5,73.8
133.0,32.5,0.1,7269.17114,0.736,12.3,97.0,8.7,73.7
134.0,31.6,0.1,6222.982955,0.732,12.7,95.0,8.8,73.6
135.0,3.7,0.1,5593.822995,0.734,12.9,96.0,9.0,73.4
137.0,29.8,0.1,4955.477743,0.731,12.7,95.0,9.2,73.2
138.0,28.8,0.1,4463.675893,0.724,12.1,96.0,9.3,73.1
14.0,27.9,0.1,4167.364387,0.723,12.0,94.0,9.5,72.9
144.0,27.0,0.1,3915.11546,0.725,11.9,96.0,9.7,72.7
149.0,26.0,0.1,445.17471,0.715,11.6,98.0,9.8,72.4
61.0,27.4,0.1,8395.785198,0.701,12.7,99.0,13.6,78.5
62.0,26.2,0.1,7716.2415,0.693,12.7,99.0,13.6,78.2
64.0,25.1,0.1,7112.33575,0.683,12.4,99.0,13.7,77.9
65.0,24.1,0.1,6541.7465,0.675,12.1,99.0,13.8,77.6
67.0,23.1,0.1,6497.55443,0.663,11.8,96.0,13.9,77.3
73.0,22.1,0.1,633.79498,0.653,11.6,96.0,14.0,76.7
75.0,21.2,0.1,597.1659,0.651,11.8,98.0,14.1,76.3
81.0,2.3,0.1,5828.621374,0.641,11.8,98.0,14.2,75.9
82.0,19.5,0.1,52.862285,0.632,11.9,98.0,14.3,75.4
88.0,18.7,0.1,4428.522898,0.622,12.0,98.0,14.3,75.0
93.0,18.0,0.1,3488.493769,0.625,12.1,98.0,14.4,74.3
16.0,17.3,0.1,3853.33348,0.617,12.2,96.0,14.5,73.4
112.0,16.7,0.1,3432.247841,0.601,11.8,98.0,14.6,72.7
124.0,16.2,0.1,32.37239,0.597,12.0,98.0,14.6,71.8
129.0,15.6,0.1,298.67598,0.587,11.8,98.0,14.7,78.0
139.0,15.2,0.1,2182.99711,0.577,11.3,98.0,14.8,69.6
266.0,23.8,1.5,729.725338,0.438,8.4,64.0,7.7,58.2
272.0,23.2,1.6,825.5729915,0.43,8.2,73.0,7.9,57.8
275.0,22.5,1.6,777.659139,0.421,8.0,69.0,8.1,57.3
27.0,21.9,1.5,777.3476868,0.411,7.7,66.0,8.3,57.2
271.0,21.3,1.5,835.88998,0.404,7.5,66.0,8.5,56.8
273.0,2.7,1.5,78.377632,0.396,7.3,73.0,8.8,56.5
276.0,2.2,1.6,697.153124,0.385,7.1,73.0,9.0,56.0
278.0,19.6,1.6,689.6784228,0.36,5.8,74.0,9.2,55.5
282.0,19.0,1.7,595.6368319,0.363,6.4,74.0,9.4,55.0
288.0,18.5,1.8,521.6425796,0.35,6.1,78.0,9.7,54.3
29.0,18.0,1.9,487.942556,0.338,5.8,77.0,9.9,53.6
296.0,17.5,2.0,439.3572924,0.333,5.5,69.0,1.1,52.8
299.0,17.0,2.2,391.791281,0.318,5.2,63.0,1.3,52.0
31.0,16.5,2.3,334.22416,0.308,4.9,61.0,1.5,51.2
34.0,16.1,2.4,36.8473237,0.297,4.6,49.0,1.8,55.0
37.0,15.6,2.5,269.3483829,0.291,4.4,43.0,11.0,49.8
54.0,69.6,0.1,23819.4636,0.853,14.6,97.0,0.8,81.7
55.0,69.2,0.1,2618.92599,0.847,14.3,99.0,0.8,81.4
57.0,68.8,0.1,2393.1888,0.828,14.2,99.0,0.8,81.1
58.0,68.4,0.1,2193.8836,0.821,14.1,99.0,0.8,81.0
59.0,68.0,0.1,22821.847,0.826,14.8,96.0,0.8,87.0
62.0,67.6,0.1,2187.79469,0.819,14.6,76.0,0.8,83.0
63.0,67.1,0.1,2675.58259,0.815,14.4,73.0,0.8,82.0
64.0,66.6,0.1,21928.767,0.813,14.6,72.0,0.7,80.0
65.0,66.1,0.1,19375.5696,0.808,14.4,74.0,0.7,79.6
66.0,65.6,0.1,16671.5672,0.809,14.8,85.0,0.7,79.3
67.0,65.0,0.1,15835.34667,0.805,14.8,92.0,0.7,79.0
69.0,64.5,0.1,1519.5497,0.797,14.2,89.0,0.7,78.7
71.0,63.9,0.1,13689.98999,0.79,13.8,94.0,0.7,78.5
75.0,63.4,0.1,11843.9392,0.786,13.8,95.0,0.7,78.2
79.0,62.8,0.1,1121.78636,0.783,13.7,95.0,0.7,77.8
8.0,62.3,0.1,1139.5651,0.779,13.8,94.0,0.8,77.5
25.0,3.8,0.9,1158.256469,0.513,8.5,73.0,7.8,63.1
26.0,3.1,0.9,1326.66882,0.509,8.5,84.0,8.0,63.0
28.0,29.4,1.1,145.57838,0.501,8.2,8.0,8.1,62.7
29.0,28.8,1.2,1364.283745,0.491,7.8,8.0,8.3,62.5
212.0,28.1,1.2,1393.261593,0.487,7.7,75.0,8.5,62.2
214.0,27.4,1.2,123.383675,0.484,7.6,64.0,8.7,62.0
215.0,26.8,1.2,146.83851,0.476,7.1,64.0,8.9,61.7
217.0,26.1,1.3,1167.535689,0.475,7.2,74.0,9.2,61.4
219.0,25.5,1.3,113.3128,0.475,7.4,75.0,9.4,61.2
221.0,24.8,1.3,944.134851,0.466,7.2,68.0,9.6,69.0
223.0,24.2,1.3,697.7451989,0.461,7.2,71.0,9.8,66.0
224.0,23.6,1.3,62.547286,0.451,6.7,7.0,1.0,64.0
226.0,22.9,1.3,528.586613,0.447,6.6,76.0,1.3,63.0
228.0,22.3,1.2,46.9542322,0.446,6.5,89.0,1.5,62.0
229.0,21.7,1.2,464.229758,0.444,6.5,75.0,1.7,61.0
23.0,21.1,1.1,477.476124,0.443,6.4,51.0,1.9,60.0
146.0,33.3,0.1,9252.11724,0.779,15.2,97.0,6.9,74.6
148.0,32.8,0.1,1153.93822,0.769,14.7,97.0,7.0,74.2
147.0,32.3,0.1,9637.265,0.765,14.7,98.0,7.0,74.1
154.0,31.8,0.1,9291.227619,0.756,14.3,98.0,7.1,73.9
158.0,31.3,0.1,9197.26972,0.748,14.1,98.0,7.1,73.6
163.0,3.7,0.2,8.376432,0.74,14.0,99.0,7.2,73.3
166.0,3.2,0.1,7318.12641,0.734,13.8,99.0,7.3,72.8
166.0,29.7,0.1,83.635,0.728,13.6,99.0,7.4,72.7
161.0,29.1,0.1,6574.654338,0.72,13.5,97.0,7.5,72.9
165.0,28.6,0.1,5695.969327,0.713,13.4,97.0,7.6,71.8
168.0,28.0,0.1,5116.45424,0.704,13.0,97.0,7.7,72.1
168.0,27.5,0.1,5229.876738,0.696,12.8,98.0,7.8,71.9
174.0,26.9,0.1,4623.347642,0.687,12.6,99.0,7.9,71.5
179.0,26.4,0.1,3957.51296,0.683,12.5,88.0,7.9,71.5
177.0,25.8,0.1,3792.182152,0.673,12.2,92.0,8.0,71.5
177.0,25.3,0.1,3861.32414,0.667,12.1,88.0,8.1,71.0
122.0,63.5,0.1,9143.128494,0.758,13.3,87.0,1.5,76.7
122.0,62.8,0.1,1452.27766,0.754,13.1,87.0,1.6,76.6
12.0,62.1,0.1,1298.86766,0.753,12.9,83.0,1.6,76.6
123.0,61.5,0.1,982.532572,0.748,12.7,99.0,1.6,76.3
124.0,6.8,0.1,9834.472689,0.745,12.6,97.0,1.6,76.1
127.0,6.1,0.1,8959.581416,0.739,12.5,95.0,1.6,75.6
13.0,59.4,0.1,7748.12331,0.738,12.5,95.0,1.7,75.7
127.0,58.7,0.1,9689.52887,0.735,12.3,96.0,1.7,75.6
123.0,57.9,0.1,933.341687,0.731,12.3,98.0,1.7,76.0
125.0,57.2,0.1,8767.92258,0.723,12.2,98.0,1.8,75.8
126.0,56.4,0.1,7986.798439,0.719,12.2,98.0,1.8,75.3
124.0,55.7,0.1,7199.59665,0.714,12.1,98.0,1.8,75.4
127.0,54.9,0.1,6751.998987,0.708,11.9,98.0,1.9,75.0
127.0,54.1,0.1,716.8219,0.703,11.6,97.0,1.9,75.0
126.0,53.2,0.1,731.378864,0.7,11.6,97.0,1.9,75.0
129.0,52.4,0.1,672.92113,0.694,11.4,97.0,2.0,74.8
166.0,69.4,0.1,1764.97387,0.637,11.7,72.0,0.2,69.4
164.0,68.7,0.1,1764.97387,0.639,11.7,77.0,0.2,69.4
166.0,68.1,0.1,1764.97387,0.641,11.7,81.0,0.2,69.2
168.0,67.5,0.1,1764.97387,0.64,11.7,81.0,0.2,69.0
169.0,67.0,0.1,1764.97387,0.638,11.7,84.0,0.2,68.9
171.0,66.4,0.1,1764.97387,0.633,11.5,85.0,0.2,68.7
172.0,65.8,0.1,1764.97387,0.629,11.4,91.0,0.2,68.5
174.0,65.2,0.1,1764.97387,0.628,11.2,85.0,0.2,68.4
175.0,64.7,0.1,1764.97387,0.625,11.0,79.0,0.2,68.2
176.0,64.1,0.1,1764.97387,0.622,10.9,67.0,0.2,68.0
178.0,63.6,0.1,1764.97387,0.617,10.7,94.0,0.2,67.9
179.0,63.2,0.1,1764.97387,0.616,10.5,78.0,0.2,67.7
18.0,62.8,0.1,1764.97387,0.612,10.4,92.0,0.2,67.5
21.0,62.4,0.1,1764.97387,0.608,10.2,84.0,0.2,66.2
183.0,62.0,0.1,1764.97387,0.604,10.1,75.0,0.3,67.2
185.0,61.5,0.1,1764.97387,0.0,0.0,85.0,0.3,67.0
222.0,52.7,0.1,3944.1839,0.733,14.8,99.0,2.2,68.8
225.0,51.5,0.1,4181.583321,0.729,14.8,99.0,2.2,68.4
227.0,5.4,0.1,4385.379355,0.72,14.7,98.0,2.2,68.1
231.0,49.2,0.1,4368.82248,0.712,14.7,99.0,2.2,67.8
235.0,48.0,0.1,3769.595255,0.701,14.6,99.0,2.2,67.3
25.0,46.9,0.1,265.353659,0.693,14.3,96.0,2.2,66.3
235.0,45.9,0.1,1717.898761,0.686,13.8,95.0,2.2,66.9
225.0,44.9,0.1,2139.625631,0.673,13.4,96.0,2.2,67.4
26.0,43.9,0.1,1634.81431,0.661,13.0,95.0,2.2,65.9
271.0,43.0,0.1,1334.651896,0.649,12.7,99.0,2.2,65.0
274.0,42.1,0.1,998.8226671,0.637,11.8,99.0,2.3,64.5
284.0,41.3,0.1,797.8377432,0.621,11.2,99.0,2.3,64.0
271.0,4.5,0.1,646.561295,0.609,10.5,98.0,2.4,64.0
263.0,39.8,0.1,571.51883,0.599,10.1,98.0,2.4,63.8
266.0,39.1,0.1,524.145924,0.588,9.4,95.0,2.5,63.2
274.0,38.5,0.1,474.2133361,0.582,8.9,94.0,2.6,62.8
16.0,61.8,0.1,6461.192554,0.804,15.1,89.0,1.8,76.1
17.0,61.3,0.1,7378.345289,0.803,15.1,91.0,1.8,75.9
19.0,6.7,0.1,7186.429787,0.799,15.1,94.0,1.8,75.8
11.0,6.2,0.1,6586.71929,0.797,15.1,94.0,1.9,75.6
113.0,59.7,0.1,7318.742449,0.792,15.1,95.0,1.9,75.4
115.0,59.1,0.1,6682.281158,0.787,15.0,94.0,2.0,75.3
117.0,58.5,0.1,6698.79439,0.785,14.6,92.0,2.0,75.0
121.0,57.8,0.1,7325.73474,0.774,14.2,95.0,2.1,74.6
125.0,57.2,0.1,5957.145693,0.762,13.6,92.0,2.1,74.2
13.0,56.5,0.1,4383.59597,0.751,13.2,9.0,2.2,73.8
133.0,55.7,0.1,3674.617924,0.746,12.8,93.0,2.3,73.6
134.0,55.0,0.1,338.199535,0.74,12.6,93.0,2.3,73.5
134.0,54.2,0.1,2789.1735,0.0,0.0,93.0,2.4,73.5
136.0,53.5,0.1,216.243274,0.0,0.0,93.0,2.5,73.4
136.0,52.7,0.1,199.583957,0.0,0.0,93.0,2.5,73.3
144.0,51.9,0.1,1627.42893,0.0,0.0,93.0,2.6,73.0
95.0,58.5,0.1,2847.285569,0.645,12.1,99.0,6.4,74.3
96.0,57.5,0.1,3154.513484,0.64,12.1,99.0,6.4,74.1
97.0,56.5,0.1,3111.762887,0.634,12.1,99.0,6.4,73.9
99.0,55.5,0.1,294.746728,0.623,11.6,99.0,6.3,73.6
14.0,54.6,0.1,339.91616,0.612,11.2,99.0,6.3,73.3
11.0,53.6,0.1,2834.2472,0.603,10.7,99.0,6.3,72.8
116.0,52.7,0.1,2861.5545,0.596,10.5,99.0,6.4,72.3
123.0,51.7,0.1,2884.94776,0.589,10.3,99.0,6.4,71.8
128.0,5.8,0.1,2494.353552,0.581,10.0,95.0,6.4,71.4
133.0,49.9,0.1,2191.478567,0.575,10.0,97.0,6.4,71.0
137.0,49.1,0.1,213.755559,0.569,9.8,98.0,6.5,77.0
142.0,48.2,0.1,1948.812275,0.561,9.6,97.0,6.5,72.0
146.0,47.3,0.1,1721.973863,0.551,9.3,91.0,6.6,69.9
15.0,46.5,0.1,1413.757176,0.54,8.8,94.0,6.6,69.5
155.0,45.7,0.1,1336.775376,0.53,8.5,96.0,6.7,69.0
16.0,44.8,0.1,1332.382358,0.519,8.0,95.0,6.7,68.6
355.0,22.6,3.9,528.3125597,0.414,9.1,8.0,3.6,57.6
375.0,22.2,4.1,623.2871141,0.409,9.1,79.0,3.6,56.7
46.0,21.8,5.1,65.985681,0.405,9.1,78.0,3.6,55.3
48.0,21.3,6.9,566.513873,0.4,9.2,76.0,3.6,54.8
47.0,2.9,9.6,526.5313517,0.397,9.5,76.0,3.7,54.3
47.0,2.5,10.8,419.2258149,0.39,9.3,74.0,3.7,54.0
4.0,2.1,11.3,463.852618,0.382,9.2,74.0,3.7,53.8
45.0,19.7,12.6,53.127719,0.372,8.8,75.0,3.7,53.2
425.0,19.3,14.1,422.1461573,0.36,8.2,75.0,3.8,52.1
434.0,18.9,16.3,385.7567141,0.353,7.9,78.0,3.8,51.2
434.0,18.5,16.2,369.1545359,0.341,7.3,8.0,3.9,58.0
429.0,18.1,15.9,336.3318145,0.332,7.0,83.0,3.9,54.0
424.0,17.7,15.3,283.8911588,0.318,6.7,85.0,4.0,51.0
416.0,17.3,14.5,262.884551,0.311,6.2,76.0,4.0,49.8
48.0,16.9,13.4,256.4414872,0.298,5.8,73.0,4.1,49.5
43.0,16.5,12.2,277.6486591,0.291,5.4,7.0,4.2,49.0
199.0,23.8,0.3,1194.59137,0.552,9.1,89.0,12.8,66.6
21.0,22.9,0.3,1262.893782,0.547,9.1,88.0,12.9,66.4
22.0,22.1,0.4,1168.83947,0.54,9.1,75.0,12.9,66.2
25.0,21.3,0.5,1171.58257,0.533,9.1,84.0,13.0,65.9
27.0,2.5,0.5,1186.423937,0.526,9.1,84.0,13.0,65.6
29.0,19.8,0.5,987.7365832,0.515,8.8,9.0,13.1,65.4
211.0,19.1,0.6,741.777116,0.504,8.5,9.0,13.1,65.2
296.0,18.3,0.6,643.951373,0.493,8.2,85.0,13.2,59.2
217.0,17.6,0.6,41.451,0.484,8.1,86.0,13.2,64.5
22.0,17.0,0.6,296.97284,0.474,8.0,82.0,13.2,64.2
224.0,16.4,0.5,247.24276,0.465,7.9,73.0,13.2,63.9
228.0,15.7,0.5,219.8156688,0.455,7.8,82.0,13.3,63.5
231.0,15.2,0.5,219.782326,0.445,7.7,78.0,13.3,63.2
235.0,14.6,0.4,143.77651,0.435,7.6,79.0,13.3,62.8
239.0,14.1,0.4,138.9249275,0.427,7.6,73.0,13.3,62.5
243.0,13.6,0.4,193.187484,0.417,7.5,82.0,13.3,62.1
248.0,35.7,2.1,4737.66996,0.637,11.7,92.0,8.2,65.8
242.0,34.9,2.2,5421.343953,0.632,11.7,88.0,8.6,65.9
232.0,34.1,2.5,5488.131712,0.625,11.6,89.0,9.0,66.1
232.0,33.3,3.7,5749.44752,0.619,11.5,84.0,9.5,65.8
268.0,32.5,4.7,56.971392,0.612,11.5,82.0,9.9,64.3
299.0,31.8,6.2,5191.58381,0.604,11.4,83.0,1.4,63.0
36.0,31.0,8.7,4153.497885,0.598,11.4,83.0,1.9,62.4
317.0,3.2,11.7,429.6561,0.589,11.3,83.0,11.5,61.7
356.0,29.4,15.2,422.51968,0.578,11.3,86.0,12.0,60.0
431.0,28.7,19.2,3881.29535,0.57,11.4,86.0,12.6,57.0
477.0,27.9,22.1,3573.146387,0.565,11.6,86.0,13.1,55.1
483.0,27.2,24.0,3288.257373,0.559,11.7,81.0,13.7,54.7
471.0,26.5,24.7,2482.36862,0.554,11.7,79.0,14.2,55.0
452.0,25.8,24.6,1713.47594,0.556,11.8,77.0,14.7,55.7
426.0,25.1,23.9,1834.29486,0.556,11.7,78.0,15.2,56.5
41.0,24.5,22.8,257.99557,0.559,11.5,79.0,15.7,57.4
165.0,19.1,0.1,743.7653489,0.555,12.2,91.0,15.7,69.2
158.0,18.5,0.1,76.2386977,0.551,12.4,92.0,15.9,69.6
162.0,18.0,0.1,688.6172788,0.545,12.3,92.0,16.1,69.3
167.0,17.4,0.2,681.7925868,0.538,12.3,9.0,16.3,68.9
172.0,16.9,0.2,692.1166842,0.529,12.0,92.0,16.5,68.4
178.0,16.4,0.2,592.1835216,0.515,11.1,82.0,16.7,68.0
183.0,15.9,0.2,48.7299,0.502,10.5,89.0,16.9,67.5
189.0,15.4,0.2,473.844449,0.492,10.1,82.0,17.0,67.0
194.0,14.9,0.2,393.8843518,0.486,10.0,82.0,17.2,66.6
21.0,14.4,0.2,348.6314534,0.476,9.6,89.0,17.4,66.0
28.0,13.9,0.2,317.89198,0.469,9.4,75.0,17.6,65.4
218.0,13.4,0.2,287.4156,0.463,9.3,8.0,17.8,64.7
22.0,12.9,0.1,253.72412,0.457,9.2,78.0,18.0,64.3
238.0,12.4,0.1,246.375621,0.447,8.6,72.0,18.2,63.1
23.0,11.9,0.1,248.6183539,0.446,9.0,72.0,18.3,63.2
238.0,11.4,0.1,231.42554,0.439,8.9,74.0,18.5,62.5
57.0,62.1,0.1,44292.88473,0.923,18.1,95.0,1.0,81.9
58.0,61.6,0.1,52157.4687,0.923,18.1,96.0,1.0,81.7
6.0,61.0,0.1,51574.48942,0.922,18.1,97.0,1.0,81.4
62.0,6.5,0.1,49474.7561,0.921,18.1,97.0,1.0,81.1
63.0,59.9,0.1,5354.6536,0.911,17.2,97.0,1.0,81.1
64.0,59.3,0.1,5338.25483,0.906,17.0,97.0,1.0,88.0
65.0,58.6,0.1,519.349,0.906,16.9,97.0,1.0,86.0
68.0,57.9,0.1,56928.8248,0.905,16.8,97.0,1.0,83.0
68.0,57.3,0.1,51241.31562,0.899,16.6,97.0,1.0,82.0
71.0,56.5,0.1,44453.97119,0.893,16.5,96.0,1.0,79.8
72.0,55.8,0.1,41577.169,0.888,16.4,96.0,1.0,79.4
77.0,55.0,0.1,39954.64222,0.885,16.5,98.0,1.0,79.2
8.0,54.2,0.1,35245.1647,0.881,16.5,98.0,1.1,78.7
81.0,53.4,0.1,28817.32321,0.882,16.9,97.0,1.1,78.4
82.0,52.6,0.1,26584.12169,0.878,16.7,97.0,1.1,78.3
84.0,51.8,0.1,25921.12794,0.873,16.5,97.0,1.1,78.1
66.0,67.5,0.1,3821.8937,0.913,19.2,92.0,0.4,81.6
67.0,66.9,0.1,4453.24673,0.91,19.2,93.0,0.4,81.5
69.0,66.4,0.1,42889.88141,0.908,19.3,92.0,0.3,81.3
7.0,65.9,0.1,3997.25624,0.904,19.5,93.0,0.3,81.1
72.0,65.3,0.1,38426.5581,0.901,19.7,95.0,0.3,86.0
71.0,64.8,0.1,33691.34837,0.899,20.3,93.0,0.3,89.0
73.0,64.3,0.1,282.94193,0.895,19.3,92.0,0.3,85.0
75.0,63.8,0.1,31287.77865,0.894,19.5,89.0,0.3,81.0
76.0,63.2,0.1,3259.73471,0.891,19.2,88.0,0.3,81.0
76.0,62.6,0.1,2667.86452,0.888,19.1,89.0,0.3,79.9
78.0,62.1,0.1,2775.89515,0.886,18.9,89.0,0.3,79.9
79.0,61.5,0.1,2542.39935,0.884,18.4,89.0,0.3,79.2
82.0,6.9,0.1,21913.7817,0.881,18.2,9.0,0.3,79.1
83.0,6.3,0.1,16874.31232,0.873,17.5,9.0,0.3,78.7
83.0,59.6,0.1,13882.85683,0.868,17.4,9.0,0.3,78.5
87.0,58.9,0.1,13641.1272,0.864,17.2,9.0,0.3,78.6
145.0,54.0,0.1,295.966488,0.642,11.7,98.0,1.8,74.8
148.0,53.2,0.1,1975.46477,0.636,11.6,98.0,1.8,74.5
157.0,52.4,0.1,1847.19849,0.63,11.5,98.0,1.8,73.9
157.0,51.7,0.1,1792.3845,0.625,11.5,98.0,1.8,73.9
147.0,5.9,0.1,1682.957924,0.62,11.5,98.0,1.8,74.5
154.0,5.2,0.1,1526.497938,0.614,11.4,98.0,1.9,73.2
163.0,49.4,0.2,1464.497754,0.613,11.3,98.0,1.9,73.2
169.0,48.6,0.2,1518.85386,0.607,11.1,97.0,1.9,72.5
173.0,47.9,0.2,1344.31871,0.601,11.0,93.0,2.0,72.5
17.0,47.1,0.3,124.992617,0.597,11.0,88.0,2.0,73.0
194.0,46.4,0.3,1175.116225,0.592,11.0,86.0,2.0,71.2
194.0,45.7,0.3,191.55157,0.587,11.0,79.0,2.1,71.0
198.0,44.9,0.3,115.565314,0.583,11.0,86.0,2.1,76.0
197.0,44.2,0.4,11.147277,0.577,10.7,85.0,2.2,75.0
193.0,43.5,0.4,143.6758,0.57,10.4,87.0,2.2,73.0
192.0,42.8,0.4,116.2743,0.562,10.1,83.0,2.2,73.0
22.0,19.3,0.4,358.99731,0.351,5.4,65.0,9.6,61.8
223.0,18.9,0.5,43.646498,0.345,5.3,68.0,9.8,61.4
227.0,18.5,0.6,416.14838,0.341,5.3,67.0,1.0,69.0
232.0,18.1,0.7,391.515524,0.331,5.1,71.0,1.3,63.0
241.0,17.7,0.7,375.5819866,0.323,4.8,75.0,1.5,59.4
252.0,17.3,0.9,348.151511,0.312,4.5,7.0,1.7,58.2
263.0,16.9,1.1,341.2894618,0.307,4.2,71.0,11.0,57.1
272.0,16.5,1.3,354.8185998,0.298,4.0,67.0,11.2,56.0
276.0,16.1,1.4,292.55962,0.293,3.8,57.0,11.4,55.2
277.0,15.7,1.5,258.463873,0.286,3.7,51.0,11.6,54.5
278.0,15.4,1.6,25.383731,0.278,3.5,45.0,11.9,53.7
279.0,15.0,1.6,232.5661574,0.27,3.1,43.0,12.1,52.9
28.0,14.6,1.6,215.8548,0.266,3.0,41.0,12.3,52.1
282.0,14.3,1.6,177.828384,0.261,2.9,39.0,12.5,51.4
283.0,13.9,1.6,165.257247,0.255,2.9,36.0,12.7,56.0
284.0,13.6,1.5,158.455972,0.253,2.8,34.0,12.8,50.0
344.0,25.4,3.7,2655.157977,0.525,10.0,49.0,9.8,54.5
362.0,24.7,3.9,3221.678128,0.521,10.0,49.0,1.1,53.6
367.0,24.1,3.9,2996.96432,0.514,9.8,46.0,1.4,53.2
374.0,23.5,4.4,2755.297787,0.507,9.7,42.0,1.7,52.7
375.0,22.8,4.7,2527.9423,0.5,9.6,48.0,11.0,52.3
374.0,22.2,4.8,2327.3267,0.492,9.5,54.0,11.3,52.0
376.0,21.6,4.9,197.661422,0.487,9.3,63.0,11.7,51.6
386.0,21.0,5.0,1383.893354,0.481,9.2,53.0,12.0,59.0
388.0,2.4,5.2,1136.829645,0.477,9.1,42.0,12.3,55.0
396.0,19.9,5.3,119.743286,0.466,9.0,4.0,12.6,49.8
4.0,19.3,5.4,87.8938738,0.463,8.9,36.0,12.9,49.2
47.0,18.8,5.4,648.815852,0.445,8.5,33.0,13.2,48.5
41.0,18.3,5.4,512.65719,0.0,8.1,29.0,13.5,48.1
49.0,17.8,5.3,459.4572117,0.0,7.7,25.0,13.8,47.7
48.0,17.3,5.1,351.7996666,0.0,8.0,27.0,14.1,47.4
45.0,16.9,4.9,379.1193264,0.0,7.6,29.0,14.3,47.1
59.0,61.2,0.1,7455.24654,0.948,17.7,95.0,0.8,81.8
61.0,6.8,0.1,975.49856,0.945,17.7,93.0,0.8,81.6
62.0,6.3,0.1,1291.435,0.942,17.5,94.0,0.8,81.5
61.0,59.8,0.1,11563.727,0.941,17.6,95.0,0.7,81.3
67.0,59.4,0.1,1574.9861,0.939,17.6,94.0,0.7,81.1
66.0,58.9,0.1,87646.75346,0.936,17.4,93.0,0.7,81.0
67.0,58.5,0.1,817.77681,0.936,17.4,94.0,0.7,89.0
67.0,58.0,0.1,9688.5961,0.936,17.6,94.0,0.7,86.0
67.0,57.5,0.1,85128.65759,0.934,17.6,93.0,0.7,85.0
7.0,57.0,0.1,74114.69715,0.931,17.5,94.0,0.8,84.0
73.0,56.5,0.1,66775.3944,0.929,17.6,91.0,0.8,81.0
77.0,55.9,0.1,5757.26916,0.924,17.5,92.0,0.8,79.8
78.0,55.3,0.1,5111.65445,0.918,17.1,92.0,0.8,79.4
81.0,54.6,0.1,4361.1538,0.916,17.1,93.0,0.8,78.9
82.0,54.0,0.1,38549.58934,0.917,17.5,91.0,0.8,78.8
85.0,53.3,0.1,38146.71539,0.911,17.1,9.0,0.8,78.5
99.0,54.6,0.1,16627.36433,0.795,13.7,99.0,7.1,76.6
11.0,53.5,0.1,2458.45226,0.796,13.7,99.0,7.1,76.4
12.0,52.8,0.1,21268.7564,0.796,13.7,98.0,7.0,76.2
14.0,52.3,0.1,22134.916,0.797,13.7,98.0,7.0,76.0
15.0,52.0,0.1,2986.36,0.797,13.6,99.0,6.9,75.8
16.0,51.8,0.1,1928.74739,0.797,13.5,99.0,6.9,75.6
18.0,51.5,0.1,16784.34616,0.782,12.4,98.0,6.9,75.4
19.0,51.1,0.1,2275.3536,0.765,11.9,99.0,6.9,75.2
113.0,5.6,0.1,1585.13226,0.753,11.5,99.0,7.0,74.9
115.0,5.1,0.1,1448.55,0.748,11.6,98.0,7.0,74.7
118.0,49.5,0.1,12376.97936,0.742,11.5,99.0,7.0,74.3
122.0,48.9,0.1,1129.28886,0.734,11.5,99.0,7.1,74.0
127.0,48.1,0.1,969.8126,0.725,11.2,99.0,7.1,73.6
13.0,47.3,0.1,8629.11774,0.716,11.0,99.0,7.1,73.3
134.0,46.5,0.1,8476.61511,0.705,10.7,99.0,7.1,72.9
138.0,45.9,0.1,861.18596,0.0,10.4,99.0,7.2,72.6
161.0,25.4,0.1,1431.244865,0.548,8.1,72.0,19.2,66.4
162.0,24.7,0.1,1316.98966,0.542,7.8,72.0,19.4,66.2
163.0,23.9,0.1,1272.44161,0.538,7.7,72.0,19.6,66.0
165.0,23.2,0.1,1261.28967,0.529,7.6,72.0,19.8,65.7
167.0,22.5,0.1,1226.215314,0.525,7.5,74.0,2.0,65.5
172.0,21.9,0.1,14.142268,0.521,7.5,82.0,2.2,65.1
175.0,21.3,0.1,16.63999,0.514,7.3,71.0,2.5,64.8
177.0,2.6,0.1,139.31288,0.513,7.3,62.0,2.7,64.6
178.0,2.1,0.1,95.4327931,0.505,6.7,75.0,2.8,64.4
179.0,19.5,0.1,873.772727,0.501,6.5,78.0,21.0,64.2
2.0,18.9,0.1,711.4699463,0.487,6.1,77.0,21.2,62.9
183.0,18.4,0.1,649.848233,0.474,5.6,65.0,21.4,63.7
185.0,17.9,0.1,563.594342,0.465,5.6,67.0,21.6,63.5
187.0,17.4,0.1,499.8633,0.457,5.5,68.0,21.8,63.2
189.0,16.9,0.1,51.6568157,0.45,5.4,65.0,22.0,63.0
19.0,16.4,0.1,533.8624114,0.445,5.3,62.0,22.2,62.8
118.0,57.8,0.1,13134.4367,0.785,13.0,73.0,1.9,77.8
119.0,57.1,0.1,12593.7374,0.78,13.0,8.0,1.9,77.6
118.0,56.3,0.1,11685.97983,0.773,12.9,8.0,1.9,77.5
12.0,55.6,0.1,1589.82713,0.765,12.8,85.0,1.9,77.2
121.0,54.9,0.1,927.723171,0.758,12.9,87.0,2.0,77.3
122.0,54.2,0.1,7937.259931,0.756,12.8,94.0,2.0,76.5
127.0,53.4,0.1,7429.628274,0.755,12.8,85.0,2.0,76.8
127.0,52.7,0.1,6973.9284,0.75,12.8,86.0,2.0,76.5
124.0,51.9,0.2,668.8667,0.743,12.9,85.0,2.1,76.4
125.0,51.1,0.1,5348.518399,0.744,12.9,88.0,2.1,76.2
122.0,5.3,0.1,4916.54886,0.74,12.9,92.0,2.1,75.8
123.0,49.5,0.2,4591.892776,0.733,12.8,95.0,2.2,75.8
126.0,48.6,0.1,4267.13578,0.728,12.8,98.0,2.2,75.5
125.0,47.8,0.2,4126.14671,0.725,12.6,99.0,2.3,75.7
124.0,46.9,0.1,446.372833,0.721,12.4,99.0,2.3,75.5
121.0,45.9,0.2,46.29935,0.716,12.1,98.0,2.4,75.7
275.0,48.6,0.6,1764.97387,0.515,10.0,73.0,1.3,62.9
278.0,47.9,0.7,2182.716565,0.511,10.0,73.0,1.3,62.7
281.0,47.2,0.8,229.95364,0.506,10.0,79.0,1.3,62.4
284.0,46.4,1.0,271.318741,0.501,9.9,74.0,1.3,62.2
285.0,45.7,1.0,177.867119,0.494,9.9,72.0,1.3,62.0
286.0,44.9,1.1,1366.879112,0.485,9.6,67.0,1.4,61.8
288.0,44.2,1.1,1166.66337,0.477,9.2,73.0,1.4,61.6
29.0,43.4,1.3,1178.72469,0.469,8.9,63.0,1.4,61.4
295.0,42.7,1.4,956.668952,0.461,8.6,71.0,1.4,61.1
299.0,41.9,1.5,854.346921,0.454,8.2,72.0,1.4,68.0
37.0,41.1,1.5,77.5773486,0.446,7.9,72.0,1.4,64.0
314.0,4.4,1.5,637.3616215,0.439,7.6,62.0,1.5,59.9
321.0,39.6,1.4,588.3582595,0.433,7.2,68.0,1.5,59.6
327.0,38.9,1.4,511.665773,0.428,6.9,61.0,1.5,59.3
331.0,38.2,1.3,539.41528,0.422,6.6,55.0,1.5,59.1
335.0,37.5,1.1,631.9468526,0.418,6.2,59.0,1.6,58.9
146.0,5.2,0.2,419.367724,0.692,12.3,93.0,2.0,74.0
147.0,49.4,0.2,4712.822736,0.688,12.3,87.0,2.0,73.9
148.0,48.6,0.2,4479.95858,0.679,12.3,86.0,2.0,73.8
148.0,47.9,0.1,3855.537735,0.679,12.3,87.0,2.0,73.6
15.0,47.1,0.1,3988.11894,0.675,12.3,89.0,2.1,73.4
152.0,46.4,0.1,3225.591754,0.664,12.4,89.0,2.1,73.2
155.0,45.6,0.1,2599.596259,0.663,12.1,85.0,2.1,73.0
157.0,44.9,0.1,359.992184,0.654,11.9,89.0,2.1,72.7
159.0,44.2,0.1,2312.192926,0.649,12.0,95.0,2.2,72.5
161.0,43.5,0.2,189.71539,0.648,12.1,98.0,2.2,72.3
163.0,42.8,0.2,157.145691,0.646,12.3,96.0,2.3,72.1
165.0,42.0,0.2,148.527976,0.639,12.1,92.0,2.3,71.9
166.0,41.3,0.1,1174.779347,0.642,12.7,86.0,2.4,71.7
168.0,4.6,0.1,1148.229882,0.632,12.2,87.0,2.4,71.5
17.0,39.8,0.1,1417.26582,0.624,11.8,89.0,2.5,71.2
172.0,39.1,0.1,1545.626423,0.625,11.6,86.0,2.5,79.0
123.0,55.6,0.1,63.343259,0.737,13.4,9.0,1.1,75.5
125.0,54.9,0.1,6491.5245,0.735,13.4,88.0,1.1,75.3
125.0,54.2,0.1,6583.116248,0.731,13.4,88.0,1.1,75.3
129.0,53.6,0.1,6387.785281,0.725,13.4,95.0,1.1,74.9
133.0,52.9,0.2,5771.565878,0.721,13.4,91.0,1.1,74.5
14.0,52.2,0.2,522.493191,0.708,13.3,93.0,1.1,73.7
14.0,51.5,0.3,4166.93387,0.706,13.3,93.0,1.2,73.8
138.0,5.8,0.3,428.87811,0.7,13.2,93.0,1.2,73.9
133.0,5.2,0.3,3611.2147,0.696,13.2,93.0,1.2,74.0
134.0,49.5,0.4,3171.49856,0.693,13.0,94.0,1.2,74.2
148.0,48.8,0.4,2754.7829,0.692,13.0,77.0,1.3,72.8
151.0,48.1,0.4,2448.143899,0.685,12.8,86.0,1.3,72.2
152.0,47.4,0.4,218.25997,0.686,13.3,94.0,1.3,72.1
144.0,46.7,0.4,259.192958,0.686,13.9,95.0,1.4,72.6
142.0,46.1,0.5,1981.243653,0.677,13.4,9.0,1.4,72.4
154.0,45.4,0.5,1996.719689,0.674,13.5,98.0,1.4,71.4
211.0,25.4,0.1,2878.33837,0.679,11.7,6.0,1.0,68.5
214.0,24.8,0.1,2842.938353,0.676,11.7,67.0,1.0,68.4
219.0,24.3,0.1,276.289146,0.671,11.7,89.0,1.0,68.1
217.0,23.7,0.1,2581.818554,0.666,11.6,88.0,1.0,68.1
218.0,23.1,0.1,2352.518156,0.669,11.5,87.0,1.0,68.0
218.0,22.6,0.1,2129.499242,0.662,11.4,79.0,1.0,67.9
219.0,22.1,0.1,1825.341521,0.661,11.7,87.0,1.0,68.0
217.0,21.6,0.1,1919.466195,0.655,11.5,91.0,1.0,67.5
216.0,21.1,0.1,1672.685433,0.648,11.4,87.0,1.0,67.5
219.0,2.6,0.1,1391.772325,0.646,11.5,88.0,1.0,67.3
223.0,2.1,0.1,1194.697155,0.642,11.6,89.0,1.0,67.0
218.0,19.6,0.1,179.3715,0.636,11.6,88.0,1.0,67.3
217.0,19.2,0.1,11.553196,0.631,11.6,84.0,1.0,67.2
221.0,18.7,0.1,1.68135,0.625,11.4,79.0,1.0,66.8
221.0,18.3,0.1,957.287441,0.622,11.4,79.0,1.0,66.8
219.0,17.8,0.1,138.91977,0.618,11.4,78.0,1.0,66.8
117.0,61.7,0.1,12565.9876,0.852,16.4,98.0,1.9,77.5
12.0,61.1,0.1,14341.675,0.85,16.4,98.0,1.9,77.3
12.0,6.4,0.1,1378.54911,0.838,15.4,99.0,2.0,77.1
125.0,59.7,0.1,13145.1484,0.834,15.3,99.0,2.0,76.8
128.0,59.1,0.1,13893.18768,0.829,15.4,99.0,2.0,76.7
13.0,58.4,0.1,12599.52486,0.822,15.1,99.0,2.1,76.3
136.0,57.8,0.1,11527.59323,0.818,15.1,99.0,2.1,75.7
14.0,57.2,0.1,141.44688,0.813,15.0,99.0,2.2,75.5
144.0,56.6,0.1,1126.31852,0.808,15.0,99.0,2.2,75.3
144.0,56.0,0.1,94.7726,0.803,15.0,99.0,2.3,75.2
144.0,55.5,0.1,821.251569,0.797,14.8,99.0,2.3,75.0
143.0,55.0,0.1,6681.178818,0.8,15.5,99.0,2.4,74.9
142.0,54.5,0.1,5693.52416,0.796,15.3,99.0,2.4,74.7
145.0,54.0,0.1,5196.932921,0.79,15.0,99.0,2.5,74.5
149.0,53.6,0.1,4981.198619,0.784,14.7,98.0,2.5,74.2
153.0,53.1,0.1,4492.72764,0.777,14.6,98.0,2.5,73.7
76.0,61.6,0.1,1922.681,0.841,16.6,98.0,0.7,81.1
78.0,6.9,0.1,2277.53613,0.837,16.8,98.0,0.7,89.0
79.0,6.2,0.1,21618.73534,0.827,16.3,98.0,0.7,86.0
81.0,59.5,0.1,2577.4264,0.824,16.3,98.0,0.7,83.0
85.0,58.8,0.1,23196.18375,0.818,16.2,97.0,0.7,82.0
88.0,58.1,0.1,22538.6548,0.812,16.0,98.0,0.7,79.6
9.0,57.3,0.1,2363.97161,0.809,16.0,96.0,0.7,79.3
92.0,56.5,0.1,24815.6884,0.804,15.8,97.0,0.7,79.0
94.0,55.7,0.1,2278.5845,0.797,15.4,97.0,0.7,78.7
96.0,54.9,0.1,19821.44463,0.793,15.4,97.0,0.7,78.5
11.0,54.1,0.1,18784.9485,0.79,15.4,93.0,0.7,77.7
99.0,53.3,0.1,1845.5881,0.792,15.9,95.0,0.7,78.0
15.0,52.5,0.1,15772.7334,0.789,15.8,99.0,0.7,77.3
17.0,51.7,0.1,12882.28897,0.788,15.9,98.0,0.8,77.2
11.0,5.9,0.1,11729.14616,0.782,15.7,97.0,0.8,76.9
11.0,5.1,0.1,1152.39681,0.777,15.5,96.0,0.8,76.6
68.0,69.3,0.1,66346.52267,0.855,13.4,99.0,5.2,78.2
69.0,68.4,0.1,86852.7119,0.854,13.4,89.0,5.2,78.1
7.0,67.7,0.1,8834.87958,0.843,13.4,97.0,5.1,77.9
72.0,67.0,0.1,88564.82298,0.837,13.4,92.0,5.1,77.8
74.0,66.5,0.1,85948.746,0.827,12.4,93.0,5.1,77.5
76.0,66.0,0.1,736.22784,0.825,12.0,97.0,5.0,77.3
79.0,65.6,0.1,61478.23813,0.828,11.8,99.0,5.0,77.0
82.0,65.2,0.1,82967.37228,0.825,11.7,97.0,5.0,76.8
83.0,65.1,0.1,675.61258,0.83,12.6,94.0,4.9,76.7
83.0,65.0,0.1,6256.55926,0.835,13.7,96.0,4.9,76.6
84.0,65.1,0.1,51488.49529,0.83,13.7,97.0,4.8,76.6
84.0,65.0,0.1,41818.35256,0.826,13.5,96.0,4.8,76.6
85.0,64.7,0.1,34176.98183,0.815,12.8,92.0,4.8,76.5
85.0,64.1,0.1,2999.65492,0.807,12.2,96.0,4.8,76.4
87.0,63.3,0.1,2843.63635,0.809,12.6,93.0,4.8,76.3
88.0,62.4,0.1,29986.2915,0.808,13.0,8.0,4.8,76.2
64.0,31.7,0.1,1764.97387,0.677,12.3,98.0,1.5,82.3
66.0,31.2,0.1,1764.97387,0.677,12.3,99.0,1.5,82.0
68.0,3.8,0.1,1764.97387,0.677,12.3,99.0,1.5,81.7
69.0,3.4,0.1,1764.97387,0.677,12.3,99.0,1.5,81.2
72.0,3.0,0.1,1764.97387,0.677,12.3,99.0,1.5,81.1
74.0,29.5,0.1,1764.97387,0.677,12.3,94.0,1.5,87.0
75.0,29.1,0.1,1764.97387,0.677,12.3,94.0,1.5,86.0
75.0,28.6,0.1,1764.97387,0.677,12.3,94.0,1.5,83.0
77.0,28.2,0.1,1764.97387,0.677,12.3,91.0,1.5,79.8
79.0,27.7,0.1,1764.97387,0.677,12.3,98.0,1.5,79.4
84.0,27.2,0.1,1764.97387,0.677,12.3,96.0,1.6,78.7
89.0,26.7,0.1,1764.97387,0.677,12.3,88.0,1.6,78.2
95.0,26.2,0.1,1764.97387,0.677,12.3,97.0,1.6,77.6
99.0,25.7,0.1,1764.97387,0.677,12.3,97.0,1.6,77.1
17.0,25.2,0.1,1764.97387,0.677,12.3,97.0,1.6,76.7
116.0,24.7,0.1,1764.97387,0.677,12.3,97.0,1.6,76.0
157.0,53.4,0.1,1764.97387,0.677,12.3,87.0,2.7,72.1
162.0,52.7,0.1,1764.97387,0.677,12.3,9.0,2.7,71.8
163.0,52.1,0.1,1764.97387,0.677,12.3,9.0,2.7,71.7
175.0,51.5,0.1,1764.97387,0.677,12.3,92.0,2.7,79.0
177.0,5.9,0.1,1764.97387,0.677,12.3,93.0,2.8,77.0
219.0,5.4,0.1,1764.97387,0.677,12.3,9.0,2.8,68.8
218.0,49.9,0.1,1764.97387,0.677,12.3,85.0,2.9,69.0
228.0,49.5,0.1,1764.97387,0.677,12.3,9.0,2.9,68.9
237.0,49.1,0.1,1764.97387,0.677,12.3,92.0,3.0,68.3
242.0,48.7,0.1,1764.97387,0.677,12.3,97.0,3.1,68.0
248.0,48.3,0.1,1764.97387,0.677,12.3,98.0,3.1,67.3
225.0,47.9,0.1,1764.97387,0.677,12.3,98.0,3.2,68.0
226.0,47.6,0.1,1764.97387,0.677,12.3,98.0,3.3,67.6
225.0,47.2,0.1,1764.97387,0.677,12.3,97.0,3.4,67.5
228.0,46.8,0.1,1764.97387,0.677,12.3,97.0,3.5,67.6
235.0,46.5,0.1,1764.97387,0.677,12.3,95.0,3.6,67.1
133.0,6.7,0.1,8958.788593,0.798,14.7,89.0,2.5,75.0
135.0,59.9,0.1,12.27733,0.797,14.7,94.0,2.6,74.8
138.0,59.2,0.1,9585.266593,0.794,14.7,92.0,2.7,74.6
138.0,58.4,0.1,8558.39766,0.797,15.3,91.0,2.8,74.4
139.0,57.7,0.1,92.277825,0.798,15.7,89.0,2.9,74.3
153.0,56.9,0.1,8297.483621,0.797,15.8,94.0,3.0,73.4
158.0,56.3,0.1,822.18329,0.795,15.4,95.0,3.0,73.1
159.0,55.6,0.1,1136.47356,0.78,14.7,96.0,3.1,73.1
154.0,55.0,0.1,8214.185378,0.766,14.1,96.0,3.2,72.9
157.0,54.4,0.1,5828.745662,0.755,13.7,97.0,3.2,72.5
162.0,53.9,0.1,4676.315183,0.745,13.4,97.0,3.3,71.9
165.0,53.4,0.1,3552.92452,0.733,12.9,97.0,3.4,71.7
174.0,52.9,0.1,2774.95586,0.722,12.5,97.0,3.5,71.1
178.0,52.4,0.1,2124.873613,0.714,12.0,98.0,3.7,77.0
179.0,51.9,0.1,1839.72945,0.708,11.7,99.0,3.8,78.0
175.0,51.4,0.1,1668.162731,0.703,11.5,99.0,4.0,77.0
222.0,6.5,0.1,9329.298351,0.805,15.0,97.0,2.3,75.0
225.0,59.9,0.1,14125.961,0.803,14.9,97.0,2.3,73.0
229.0,59.3,0.2,15543.67653,0.799,14.6,97.0,2.3,70.0
237.0,58.7,0.3,15154.45687,0.792,14.3,97.0,2.3,69.6
242.0,58.1,0.3,14212.687,0.785,14.0,97.0,2.3,69.4
256.0,57.5,0.2,1674.98771,0.773,13.7,97.0,2.3,68.4
261.0,57.0,0.3,8562.89598,0.776,14.0,98.0,2.3,68.2
278.0,56.6,0.3,11635.2637,0.769,13.9,98.0,2.3,67.5
282.0,56.1,0.3,911.25385,0.761,13.8,98.0,2.4,67.3
3.0,55.7,0.3,692.194398,0.754,13.8,98.0,2.4,66.4
327.0,55.3,0.3,5323.473877,0.748,13.7,98.0,2.4,65.0
321.0,55.0,0.3,412.372294,0.741,13.6,97.0,2.5,64.9
322.0,54.7,0.4,2975.132778,0.733,13.2,96.0,2.6,64.6
313.0,54.5,0.3,2375.5944,0.727,12.8,97.0,2.7,64.8
38.0,54.2,0.3,21.362386,0.72,12.5,96.0,2.8,65.1
37.0,54.0,0.2,1771.58662,0.709,12.1,96.0,2.9,65.0
227.0,21.4,0.4,71.348397,0.493,10.8,98.0,5.7,66.1
23.0,2.8,0.4,76.5699517,0.488,10.8,98.0,5.8,65.7
233.0,2.1,0.5,688.8768557,0.485,10.8,98.0,5.9,65.2
239.0,19.5,0.7,678.796973,0.475,10.5,98.0,6.1,64.6
247.0,18.9,1.3,617.317648,0.464,10.2,97.0,6.3,63.8
26.0,18.3,2.3,563.491487,0.454,10.0,97.0,6.5,62.8
288.0,17.7,2.8,539.1538211,0.447,10.2,97.0,6.6,61.0
282.0,17.1,3.7,5.6687264,0.438,10.4,97.0,6.7,68.0
295.0,16.5,5.0,44.853339,0.424,10.1,97.0,6.8,59.6
328.0,15.9,6.2,342.3656294,0.404,9.3,99.0,6.8,57.6
37.0,15.4,7.1,287.931877,0.388,8.8,95.0,6.8,55.3
397.0,14.9,7.7,236.9114381,0.371,8.2,89.0,6.9,53.4
48.0,14.5,8.1,212.6619491,0.359,7.6,96.0,7.0,52.0
415.0,14.1,8.0,196.59778,0.343,7.2,88.0,7.2,57.0
438.0,13.7,8.1,21.569654,0.332,7.1,77.0,7.4,48.6
426.0,13.2,8.5,216.172747,0.318,6.6,9.0,7.6,48.3
138.0,47.5,0.1,1764.97387,0.735,13.1,99.0,4.3,75.2
139.0,46.7,0.1,1764.97387,0.723,13.1,99.0,4.3,75.0
141.0,45.9,0.1,1764.97387,0.734,13.1,99.0,4.3,74.8
142.0,45.2,0.1,1764.97387,0.735,13.0,98.0,4.3,74.7
143.0,44.5,0.1,1764.97387,0.733,12.9,99.0,4.3,74.6
147.0,43.8,0.1,1764.97387,0.724,12.8,97.0,4.3,74.2
147.0,43.0,0.1,1764.97387,0.717,12.7,95.0,4.3,74.3
149.0,42.2,0.1,1764.97387,0.71,12.6,96.0,4.3,74.1
151.0,41.3,0.1,1764.97387,0.707,12.8,99.0,4.3,73.9
155.0,4.4,0.1,1764.97387,0.694,12.4,85.0,4.3,73.5
16.0,39.6,0.2,1764.97387,0.689,12.2,95.0,4.4,73.1
166.0,39.0,0.2,1764.97387,0.686,12.3,91.0,4.4,72.6
171.0,38.4,0.2,1764.97387,0.684,12.4,9.0,4.4,72.2
174.0,37.9,0.1,1764.97387,0.681,12.5,74.0,4.4,72.0
178.0,37.3,0.3,1764.97387,0.684,12.6,99.0,4.5,71.8
183.0,36.8,0.4,1764.97387,0.0,12.8,7.0,4.5,71.6
156.0,54.1,0.1,1764.97387,0.72,13.3,98.0,3.5,73.2
157.0,53.1,0.1,1764.97387,0.72,13.3,98.0,3.5,73.1
161.0,52.2,0.1,1764.97387,0.717,13.3,97.0,3.5,72.7
159.0,51.2,0.1,1764.97387,0.713,13.3,96.0,3.5,72.8
16.0,5.3,0.1,1764.97387,0.712,13.3,96.0,3.5,72.7
162.0,49.3,0.1,1764.97387,0.711,13.3,99.0,3.5,72.5
165.0,48.4,0.2,1764.97387,0.709,13.3,99.0,3.6,72.3
167.0,47.5,0.3,1764.97387,0.704,13.3,99.0,3.6,72.1
17.0,46.6,0.3,1764.97387,0.702,13.3,99.0,3.6,71.9
173.0,45.7,0.3,1764.97387,0.695,13.3,99.0,3.7,71.7
177.0,44.7,0.2,1764.97387,0.692,13.3,99.0,3.7,71.4
181.0,43.8,0.4,1764.97387,0.689,13.2,99.0,3.8,71.2
184.0,42.9,0.4,1764.97387,0.682,13.0,99.0,3.8,71.0
186.0,42.0,0.4,1764.97387,0.677,12.9,99.0,3.9,79.0
186.0,41.0,0.7,1764.97387,0.673,12.8,99.0,3.9,79.0
186.0,4.1,0.7,1764.97387,0.0,12.7,98.0,4.0,79.0
125.0,74.7,0.1,4149.363444,0.702,12.9,66.0,0.2,74.0
128.0,74.3,0.1,4178.973369,0.701,12.9,63.0,0.2,73.8
131.0,73.8,0.1,4219.65123,0.7,12.9,67.0,0.2,73.6
136.0,73.4,0.1,4234.554443,0.698,12.9,64.0,0.2,73.2
139.0,72.9,0.1,3942.9827,0.693,12.9,65.0,0.2,73.0
144.0,72.5,0.1,3453.487434,0.69,12.9,62.0,0.2,72.6
172.0,72.0,0.1,335.112838,0.691,12.9,49.0,0.2,76.0
146.0,71.4,0.1,359.82223,0.688,12.9,26.0,0.2,72.5
149.0,7.9,0.1,322.543121,0.682,12.9,53.0,0.2,72.2
153.0,7.3,0.1,287.963899,0.677,12.7,39.0,0.2,72.0
16.0,69.7,0.1,2571.262348,0.671,12.6,49.0,0.2,71.6
162.0,68.9,0.1,2351.33814,0.665,12.4,55.0,0.2,71.4
169.0,68.2,0.1,197.29417,0.659,12.3,83.0,0.2,79.0
174.0,67.4,0.1,1631.41727,0.653,12.1,86.0,0.2,76.0
175.0,66.5,0.1,1555.47451,0.645,12.0,85.0,0.2,75.0
18.0,65.6,0.1,154.68923,0.64,12.1,95.0,0.2,72.0
19.0,3.9,0.2,1624.63963,0.565,11.2,96.0,5.5,67.5
191.0,3.1,0.2,1821.878734,0.562,11.1,95.0,5.6,67.3
192.0,29.3,0.2,1619.532678,0.559,11.0,97.0,5.7,67.1
194.0,28.5,0.5,138.949959,0.553,10.8,96.0,5.9,66.9
198.0,27.7,0.5,134.326189,0.546,10.6,96.0,6.0,66.6
24.0,26.9,0.5,1129.754961,0.542,10.6,98.0,6.1,66.2
21.0,26.2,0.9,199.57146,0.533,10.1,98.0,6.3,65.8
215.0,25.4,0.9,1126.46212,0.531,10.4,99.0,6.5,65.4
217.0,24.7,1.2,894.927988,0.527,10.3,97.0,6.7,65.1
22.0,24.0,1.2,843.89447,0.521,10.2,97.0,6.9,64.7
222.0,23.4,1.6,81.86157,0.514,10.0,97.0,7.0,64.3
224.0,22.8,1.6,693.345683,0.509,9.8,96.0,7.2,63.8
225.0,22.2,1.6,649.342153,0.504,9.7,94.0,7.4,63.4
226.0,21.7,1.4,555.8185378,0.501,9.6,92.0,7.6,63.1
225.0,21.1,1.5,51.216381,0.497,9.4,92.0,7.8,62.8
224.0,2.7,1.5,1764.97387,0.488,9.3,82.0,8.0,62.6
88.0,68.2,0.1,2732.86172,0.845,16.1,98.0,7.8,74.5
88.0,67.3,0.1,24575.434,0.841,15.8,98.0,7.7,74.4
89.0,66.4,0.1,24934.38614,0.83,15.2,98.0,7.6,74.3
9.0,65.6,0.1,2533.9462,0.818,14.5,98.0,7.5,74.1
92.0,64.7,0.1,2377.74739,0.804,13.9,98.0,7.4,73.9
94.0,63.9,0.1,19259.58726,0.792,13.3,98.0,7.3,73.7
97.0,63.1,0.1,1694.2931,0.787,13.0,98.0,7.3,73.4
98.0,62.4,0.1,237.83234,0.779,12.8,98.0,7.2,73.3
99.0,61.6,0.1,16472.1665,0.773,12.7,96.0,7.2,73.2
1.0,6.9,0.1,15334.66994,0.767,12.5,96.0,7.2,73.2
11.0,6.2,0.1,13739.82945,0.761,12.4,96.0,7.2,73.1
12.0,59.4,0.1,11138.8746,0.754,12.3,96.0,7.2,73.1
13.0,58.5,0.1,9567.458285,0.747,12.2,95.0,7.2,73.0
15.0,57.7,0.1,8655.311531,0.745,12.1,95.0,7.3,72.9
17.0,56.9,0.1,8643.4944,0.742,12.0,97.0,7.3,72.8
11.0,56.2,0.1,9126.954277,0.737,11.8,95.0,7.3,72.6
188.0,24.3,0.3,98.7256145,0.491,9.5,89.0,9.5,66.7
192.0,23.8,0.3,152.443873,0.483,9.1,89.0,9.7,66.4
196.0,23.2,0.3,148.912351,0.474,8.7,92.0,9.9,66.0
2.0,22.7,0.4,136.4518,0.463,8.3,91.0,1.0,65.6
26.0,22.2,0.4,18.25321,0.455,7.9,92.0,1.2,64.9
212.0,21.7,0.4,11.631377,0.449,7.7,89.0,1.4,64.3
219.0,21.2,0.5,12.566464,0.444,7.5,86.0,1.6,63.5
225.0,2.8,0.6,11.33678,0.435,7.1,88.0,1.8,62.8
23.0,2.3,0.7,95.3978522,0.425,6.8,94.0,11.0,62.1
236.0,19.9,0.7,89.838296,0.422,6.6,89.0,11.2,61.3
242.0,19.5,0.7,773.8698713,0.415,6.4,84.0,11.4,65.0
247.0,19.1,0.7,733.581811,0.408,6.2,87.0,11.6,59.7
251.0,18.7,0.7,642.7663113,0.401,5.9,73.0,11.8,59.0
252.0,18.3,0.7,513.26227,0.397,5.7,6.0,12.0,58.4
251.0,17.9,0.6,481.287397,0.381,5.4,52.0,12.1,57.9
25.0,17.5,0.5,473.45338,0.378,5.2,52.0,12.3,57.5
121.0,6.0,0.1,5237.255334,0.775,14.4,95.0,2.0,75.6
123.0,59.4,0.1,62.173221,0.771,14.3,93.0,2.1,75.4
122.0,58.9,0.1,6353.826383,0.766,14.1,95.0,2.1,75.3
126.0,58.3,0.1,5659.3824,0.767,14.0,91.0,2.1,74.9
127.0,57.7,0.1,6423.291783,0.757,13.5,94.0,2.2,74.6
128.0,57.0,0.1,5411.87744,0.755,13.6,91.0,2.2,74.4
131.0,56.4,0.1,5821.35397,0.754,13.6,95.0,2.3,74.1
132.0,55.8,0.1,671.773913,0.749,13.5,95.0,2.3,74.0
132.0,55.1,0.1,5458.121718,0.743,13.5,94.0,2.4,73.8
133.0,54.5,0.1,4129.758741,0.739,13.4,92.0,2.5,73.6
135.0,53.9,0.1,3528.1318,0.73,13.2,98.0,2.5,73.0
134.0,53.3,0.1,3331.228766,0.72,13.1,88.0,2.6,73.0
134.0,52.8,0.1,2832.49652,0.715,13.0,89.0,2.7,73.0
133.0,52.2,0.1,2149.9944,0.715,13.2,95.0,2.7,72.9
135.0,51.7,0.1,1634.87561,0.709,13.1,93.0,2.8,73.1
141.0,51.2,0.1,87.1365252,0.702,13.0,95.0,2.8,72.6
168.0,37.4,0.1,1539.464,0.781,14.1,97.0,5.7,73.2
17.0,36.2,0.1,1557.77892,0.766,13.2,99.0,5.7,73.0
172.0,35.5,0.1,15687.34795,0.762,13.5,98.0,5.7,72.9
174.0,34.8,0.1,12845.17363,0.755,13.5,98.0,5.7,72.7
177.0,34.2,0.1,12189.9516,0.744,13.3,99.0,5.7,72.6
18.0,33.5,0.1,184.68447,0.74,13.2,99.0,5.8,72.4
182.0,32.4,0.1,976.9566,0.739,13.2,99.0,5.8,72.3
184.0,31.8,0.1,11122.8627,0.739,13.2,99.0,5.9,72.2
185.0,31.2,0.1,12154.82994,0.733,13.1,99.0,5.9,72.2
185.0,3.7,0.1,1214.39987,0.728,13.1,99.0,5.9,72.2
185.0,3.1,0.1,1192.5174,0.712,12.1,99.0,6.0,72.2
186.0,29.2,0.1,1176.65871,0.715,12.3,99.0,6.0,72.1
185.0,28.7,0.1,8524.961236,0.713,12.1,99.0,6.1,72.1
186.0,28.1,0.1,8331.261997,0.712,12.1,99.0,6.1,72.1
187.0,27.6,0.1,7663.1378,0.714,12.2,96.0,6.2,72.0
188.0,27.1,0.1,7578.85153,0.0,12.3,98.0,6.3,71.8
413.0,24.4,0.5,587.538233,0.431,9.5,86.0,7.4,51.0
463.0,23.8,0.6,78.4394757,0.426,9.5,83.0,7.5,48.1
47.0,23.3,0.8,71.8186998,0.413,9.3,92.0,7.7,54.0
411.0,22.7,0.9,561.8984239,0.401,9.1,91.0,7.9,49.7
418.0,22.2,1.3,445.525,0.392,8.9,89.0,8.1,48.9
424.0,21.7,1.6,45.128418,0.384,8.7,86.0,8.3,48.1
433.0,21.2,1.7,394.5932439,0.375,8.5,84.0,8.5,47.1
441.0,2.7,1.9,46.3759178,0.367,8.3,77.0,8.7,46.2
45.0,2.2,2.2,358.8274716,0.357,8.2,64.0,8.9,45.3
464.0,19.7,2.2,322.313468,0.348,8.0,64.0,9.1,44.3
48.0,19.2,2.2,287.6891942,0.341,7.8,65.0,9.3,43.3
496.0,18.8,2.1,263.145817,0.332,7.6,65.0,9.5,42.3
57.0,18.4,1.9,263.7618312,0.322,7.4,73.0,9.7,41.5
513.0,17.9,1.7,249.939542,0.306,7.2,53.0,9.9,48.0
519.0,17.5,1.5,227.779471,0.302,7.0,38.0,1.1,41.0
533.0,17.2,1.2,139.3147734,0.292,6.7,44.0,1.3,39.0
55.0,33.2,0.1,53629.73746,0.924,15.4,96.0,2.2,83.1
56.0,32.9,0.1,56336.7234,0.922,15.4,96.0,2.2,82.9
57.0,32.7,0.1,5629.18914,0.92,15.4,97.0,2.2,82.7
59.0,32.4,0.1,54431.16199,0.917,15.4,97.0,2.2,82.5
6.0,32.1,0.1,53166.67581,0.911,15.2,96.0,2.1,82.2
61.0,31.8,0.1,46569.67951,0.889,14.5,96.0,2.1,82.0
62.0,31.5,0.1,38577.55822,0.887,14.4,97.0,2.1,81.7
64.0,31.2,0.1,39721.4818,0.88,14.2,97.0,2.1,81.4
65.0,3.9,0.1,39223.58187,0.873,14.1,97.0,2.1,81.1
66.0,3.5,0.1,33579.85948,0.839,13.9,95.0,2.1,87.0
69.0,3.2,0.1,29869.85398,0.821,12.6,96.0,2.1,82.0
71.0,29.9,0.1,2745.27136,0.82,12.7,95.0,2.1,79.7
73.0,29.6,0.1,23573.6284,0.819,12.7,96.0,2.1,79.3
74.0,29.2,0.1,2216.83279,0.818,12.6,94.0,2.1,79.0
76.0,28.9,0.1,21577.7823,0.82,12.7,96.0,2.1,78.7
78.0,28.5,0.1,23792.677,0.81,12.5,98.0,2.1,78.3
19.0,59.1,0.1,1764.97387,0.842,15.0,96.0,1.2,76.7
113.0,58.4,0.1,1764.97387,0.841,15.1,97.0,1.2,76.4
114.0,57.8,0.1,1764.97387,0.838,15.0,98.0,1.2,76.1
118.0,57.2,0.1,1764.97387,0.835,15.0,99.0,1.2,75.8
122.0,56.5,0.1,1764.97387,0.829,15.0,99.0,1.2,75.6
124.0,55.9,0.1,1764.97387,0.822,15.0,99.0,1.3,75.1
131.0,55.3,0.1,1764.97387,0.82,14.9,99.0,1.3,75.0
136.0,54.8,0.1,1764.97387,0.813,14.8,99.0,1.3,74.7
14.0,54.2,0.1,1764.97387,0.802,14.5,99.0,1.3,74.4
138.0,53.7,0.1,1764.97387,0.793,14.3,99.0,1.4,74.3
141.0,53.1,0.1,1764.97387,0.784,14.0,99.0,1.4,74.0
138.0,52.6,0.1,1764.97387,0.776,13.8,99.0,1.4,74.1
144.0,52.1,0.1,1764.97387,0.771,13.6,99.0,1.5,73.8
145.0,51.6,0.1,1764.97387,0.763,13.3,99.0,1.5,73.7
145.0,51.1,0.1,1764.97387,0.763,13.3,99.0,1.5,73.3
147.0,5.7,0.1,1764.97387,0.761,13.0,99.0,1.6,73.0
74.0,6.1,0.1,2729.86383,0.888,17.3,95.0,1.4,88.0
76.0,59.5,0.1,242.67286,0.888,17.6,95.0,1.4,87.0
78.0,58.9,0.1,2315.31799,0.878,16.8,95.0,1.4,85.0
81.0,58.2,0.1,22486.47167,0.877,16.8,96.0,1.5,82.0
84.0,57.6,0.1,24985.24827,0.876,17.0,96.0,1.6,79.8
87.0,57.0,0.1,23437.4722,0.872,16.9,96.0,1.6,79.5
9.0,56.4,0.1,24633.79785,0.873,16.9,96.0,1.7,79.1
96.0,55.8,0.1,2751.8127,0.869,16.9,97.0,1.7,78.9
12.0,55.2,0.1,23841.31792,0.865,16.8,97.0,1.8,78.3
17.0,54.7,0.1,19726.1265,0.858,16.7,97.0,1.8,78.1
14.0,54.1,0.1,18169.1891,0.853,16.3,95.0,1.9,77.5
113.0,53.5,0.1,1726.9151,0.85,16.6,94.0,2.0,77.2
119.0,52.9,0.1,1488.47154,0.843,16.1,95.0,2.0,76.5
117.0,52.3,0.1,11814.9994,0.835,15.6,93.0,2.1,76.6
124.0,51.8,0.1,1479.29634,0.824,14.7,92.0,2.2,76.2
122.0,51.2,0.1,1227.73677,0.818,14.6,91.0,2.2,76.0
177.0,5.5,0.1,1922.41388,0.514,9.6,98.0,1.1,69.2
183.0,49.7,0.1,29.652622,0.512,9.6,88.0,1.1,68.8
182.0,48.9,0.1,188.5159,0.509,9.5,94.0,1.1,68.8
184.0,48.1,0.1,1858.689868,0.505,9.4,99.0,1.2,68.7
186.0,47.2,0.1,1642.837974,0.497,9.4,99.0,1.2,68.5
188.0,46.4,0.1,1272.44825,0.492,9.3,9.0,1.2,68.3
192.0,45.5,0.1,1158.282672,0.494,9.3,92.0,1.2,68.1
193.0,44.7,0.1,125.79167,0.489,9.2,89.0,1.2,68.0
2.0,43.8,0.1,146.931125,0.482,9.0,9.0,1.2,67.6
2.0,43.0,0.1,948.6592511,0.47,8.4,99.0,1.3,67.6
24.0,42.1,0.1,88.874858,0.465,8.3,89.0,1.3,67.4
29.0,41.3,0.1,818.442619,0.459,8.1,9.0,1.3,67.1
215.0,4.4,0.1,744.7657423,0.453,8.0,84.0,1.3,66.8
22.0,39.6,0.1,784.9562874,0.446,7.3,78.0,1.4,66.5
227.0,38.7,0.1,944.81684,0.442,6.6,84.0,1.4,66.2
235.0,37.9,0.1,154.518572,0.455,7.2,86.0,1.4,65.8
312.0,24.3,0.7,426.98537,0.677,12.3,42.0,6.6,55.0
321.0,23.8,0.8,417.89143,0.677,12.3,42.0,6.7,54.3
318.0,23.3,0.8,47.5432354,0.677,12.3,42.0,6.8,54.2
336.0,22.9,0.8,1764.97387,0.677,12.3,42.0,6.8,53.1
329.0,22.4,0.8,1764.97387,0.677,12.3,41.0,6.9,53.1
336.0,22.0,0.8,1764.97387,0.677,12.3,45.0,7.0,52.4
335.0,21.5,0.8,1764.97387,0.677,12.3,42.0,7.1,52.2
336.0,21.1,0.9,1764.97387,0.677,12.3,31.0,7.2,51.9
34.0,2.7,0.9,1764.97387,0.677,12.3,4.0,7.3,51.5
337.0,2.2,0.9,1764.97387,0.677,12.3,26.0,7.4,51.5
334.0,19.8,0.9,1764.97387,0.677,12.3,35.0,7.5,51.6
341.0,19.4,0.9,1764.97387,0.677,12.3,3.0,7.6,51.2
344.0,19.0,0.9,1764.97387,0.677,12.3,4.0,7.7,51.1
348.0,18.6,0.9,1764.97387,0.677,12.3,4.0,7.8,58.0
352.0,18.2,0.8,1764.97387,0.677,12.3,33.0,7.9,57.0
355.0,17.8,0.8,1764.97387,0.677,12.3,33.0,8.0,55.0
328.0,51.1,3.6,5769.77258,0.665,13.0,75.0,4.4,62.9
347.0,5.3,3.7,6479.625659,0.66,13.0,77.0,4.9,62.0
371.0,49.5,4.5,6876.953821,0.652,12.8,73.0,5.4,69.0
48.0,48.7,7.6,7548.163698,0.644,12.8,65.0,6.0,59.2
413.0,47.9,8.5,849.954224,0.638,12.8,69.0,6.6,58.9
428.0,47.2,11.0,7362.76139,0.63,12.8,72.0,7.3,58.0
449.0,46.4,19.0,5888.6284,0.622,12.8,76.0,8.1,56.5
473.0,45.7,23.5,5786.59972,0.616,12.9,79.0,8.9,55.3
486.0,45.0,26.4,6125.39984,0.612,12.9,82.0,9.7,54.5
496.0,44.3,28.1,5631.73485,0.609,12.9,82.0,1.6,54.0
498.0,43.6,29.5,5414.634326,0.609,12.9,79.0,11.6,53.8
497.0,42.9,29.7,4863.51688,0.611,12.9,74.0,12.6,53.7
485.0,42.2,28.9,3775.68275,0.613,12.9,69.0,13.5,54.0
459.0,41.6,26.6,2518.398261,0.62,12.9,7.0,14.5,54.9
429.0,4.9,24.0,2681.781,0.629,13.0,71.0,15.4,56.0
397.0,4.1,21.3,337.2253,0.635,13.0,73.0,16.3,57.3
332.0,43.349999999999994,3.4,758.725782,0.421,4.9,31.0,3.3,57.3
343.0,43.349999999999994,3.5,1151.861715,0.421,4.9,39.0,3.3,56.6
345.0,43.349999999999994,3.6,1186.11325,0.417,4.9,45.0,3.3,56.4
347.0,43.349999999999994,3.8,958.45581,0.419,4.9,59.0,3.3,56.0
355.0,43.349999999999994,3.9,176.9713,0.429,4.9,61.0,3.3,55.4
359.0,43.349999999999994,4.0,1562.239346,0.0,0.0,93.0,3.3,55.0
369.0,43.349999999999994,4.2,1264.78998,0.0,0.0,93.0,3.3,54.3
377.0,43.349999999999994,4.2,1678.711862,0.0,0.0,93.0,3.3,53.6
381.0,43.349999999999994,4.2,1764.97387,0.0,0.0,93.0,3.3,53.1
383.0,43.349999999999994,4.1,1764.97387,0.0,0.0,93.0,3.3,52.5
383.0,43.349999999999994,3.9,1764.97387,0.0,0.0,93.0,3.3,51.9
383.0,43.349999999999994,3.8,1764.97387,0.0,0.0,93.0,3.3,51.4
383.0,43.349999999999994,3.5,1764.97387,0.0,0.0,93.0,3.3,58.0
382.0,43.349999999999994,3.3,1764.97387,0.0,0.0,93.0,3.3,52.0
381.0,43.349999999999994,3.0,1764.97387,0.0,0.0,93.0,3.3,49.6
38.0,43.349999999999994,2.7,1764.97387,0.0,0.0,93.0,3.3,48.9
56.0,66.6,0.1,25683.84565,0.882,17.7,97.0,0.6,82.8
58.0,66.0,0.1,296.47225,0.877,17.6,97.0,0.6,82.6
6.0,65.4,0.1,2921.9342,0.874,17.5,96.0,0.6,82.4
61.0,64.8,0.1,28562.29324,0.871,17.2,97.0,0.6,82.0
63.0,64.1,0.1,31834.21816,0.867,16.9,97.0,0.6,82.1
64.0,63.5,0.1,3736.228,0.86,16.4,97.0,0.6,81.9
66.0,62.9,0.1,32333.4661,0.858,16.3,96.0,0.6,81.6
7.0,62.3,0.1,35578.73619,0.854,16.1,97.0,0.6,81.3
72.0,61.7,0.1,3279.414,0.849,16.0,96.0,0.6,89.0
73.0,61.1,0.1,28482.6948,0.844,15.9,98.0,0.6,88.0
77.0,6.5,0.1,2651.71745,0.837,15.8,96.0,0.6,81.0
79.0,59.9,0.1,24918.64584,0.833,15.6,97.0,0.6,81.0
83.0,59.3,0.1,21495.7741,0.83,15.6,98.0,0.6,79.4
83.0,58.8,0.1,1719.53541,0.828,15.7,98.0,0.6,79.5
84.0,58.2,0.1,15323.6114,0.825,15.7,96.0,0.6,79.4
86.0,57.6,0.1,14676.769,0.82,15.7,95.0,0.6,79.1
138.0,23.4,0.1,3844.89123,0.764,14.0,99.0,15.1,74.9
141.0,22.7,0.1,382.54994,0.76,14.0,99.0,15.2,74.7
142.0,21.9,0.1,361.289374,0.757,13.8,99.0,15.2,74.6
143.0,21.2,0.1,335.521375,0.752,13.7,99.0,15.3,74.5
141.0,2.5,0.1,322.992615,0.746,13.6,99.0,15.3,74.5
138.0,19.8,0.1,2819.511161,0.739,13.5,99.0,15.3,74.5
183.0,19.2,0.1,216.681584,0.735,13.4,97.0,15.3,71.8
172.0,18.5,0.1,254.489192,0.731,13.3,98.0,15.4,72.3
146.0,17.9,0.1,1644.816372,0.725,13.2,98.0,15.4,73.7
145.0,17.2,0.1,1448.7611,0.718,13.1,98.0,15.4,73.8
138.0,16.6,0.1,1259.87591,0.712,12.9,99.0,15.4,74.2
197.0,16.1,0.1,174.6692,0.705,12.8,97.0,15.4,69.1
146.0,15.6,0.1,989.4547732,0.697,12.7,99.0,15.4,73.9
149.0,15.1,0.1,873.1472436,0.699,12.6,98.0,15.4,73.7
16.0,14.6,0.1,837.699787,0.686,12.5,98.0,15.4,72.7
175.0,14.1,0.1,875.412178,0.677,12.4,99.0,15.3,71.5
225.0,43.349999999999994,0.3,2513.884661,0.488,7.2,93.0,3.3,64.1
229.0,43.349999999999994,0.3,2176.89829,0.485,7.2,94.0,3.3,63.8
232.0,43.349999999999994,0.3,1955.66799,0.478,7.0,93.0,3.3,63.5
235.0,43.349999999999994,0.3,1892.894352,0.468,6.8,92.0,3.3,63.2
241.0,43.349999999999994,0.3,1666.857757,0.463,7.0,93.0,3.3,62.7
243.0,43.349999999999994,0.3,1476.47887,0.461,7.0,9.0,3.3,62.5
248.0,43.349999999999994,0.3,1226.884381,0.456,6.8,81.0,3.3,62.0
251.0,43.349999999999994,0.3,1291.528826,0.444,6.3,86.0,3.3,61.8
254.0,43.349999999999994,0.3,1115.6952,0.44,6.4,84.0,3.3,61.4
26.0,43.349999999999994,0.2,893.8793645,0.43,6.2,78.0,3.3,61.0
261.0,43.349999999999994,0.2,679.7539949,0.423,6.1,78.0,3.3,67.0
278.0,43.349999999999994,0.2,565.569459,0.415,5.7,74.0,3.3,59.7
278.0,43.349999999999994,0.2,477.738478,0.409,5.6,69.0,3.3,59.6
277.0,43.349999999999994,0.2,412.1517561,0.403,5.6,6.0,3.3,59.4
283.0,43.349999999999994,0.2,377.5254454,0.399,5.6,66.0,3.3,58.9
284.0,43.349999999999994,0.1,361.35843,0.394,5.5,62.0,3.3,58.6
176.0,58.3,0.4,8818.982566,0.723,12.7,89.0,3.5,71.6
178.0,57.7,0.4,9564.46383,0.722,12.7,85.0,3.5,71.4
179.0,57.0,0.4,9484.56898,0.719,12.7,86.0,3.5,71.2
178.0,56.3,0.9,9272.413453,0.708,12.7,84.0,3.5,71.3
187.0,55.5,0.1,8318.97692,0.704,12.5,86.0,3.5,76.0
19.0,54.8,0.5,833.31332,0.7,12.3,96.0,3.5,73.0
196.0,54.1,0.6,7443.85178,0.696,12.1,87.0,3.5,70.0
196.0,53.3,1.2,6858.163158,0.691,11.9,85.0,3.5,69.8
22.0,52.6,0.8,5761.39536,0.684,11.7,84.0,3.5,69.5
199.0,51.8,0.6,527.92,0.678,11.5,84.0,3.5,69.3
25.0,51.1,0.6,3595.8855,0.672,11.3,83.0,3.5,68.9
214.0,5.4,0.9,36.48773,0.0,11.1,85.0,3.5,68.3
223.0,49.7,1.0,263.1399,0.0,10.9,75.0,3.5,68.0
221.0,49.0,1.6,2232.513244,0.0,11.0,73.0,3.5,67.9
219.0,48.3,1.8,1598.77512,0.0,11.0,68.0,3.6,67.7
224.0,47.6,0.4,1888.61829,0.0,11.1,71.0,3.6,67.4
373.0,32.3,7.1,3136.92511,0.541,11.4,9.0,4.0,58.9
382.0,31.8,7.3,3464.35169,0.541,11.4,98.0,4.3,58.4
393.0,31.2,9.8,3598.75972,0.539,11.4,98.0,4.5,57.6
412.0,3.7,12.2,3851.51547,0.534,11.3,95.0,4.8,56.5
438.0,3.2,15.7,3934.27325,0.526,11.2,91.0,5.1,55.0
459.0,29.7,21.6,369.239336,0.523,11.0,89.0,5.4,53.6
46.0,29.3,33.7,332.517125,0.519,10.8,88.0,5.8,52.6
477.0,28.9,40.2,2842.438422,0.514,10.6,88.0,6.1,51.4
51.0,28.5,40.7,347.48798,0.508,10.5,87.0,6.5,50.0
564.0,28.2,43.7,2937.36723,0.502,9.9,87.0,6.9,47.8
63.0,27.8,49.1,2873.862141,0.495,9.7,86.0,7.3,46.0
69.0,27.4,50.3,2529.633557,0.492,9.4,86.0,7.7,45.6
6.0,27.1,50.6,22.99449,0.493,9.1,85.0,8.2,45.9
587.0,26.7,49.9,1324.996228,0.502,9.2,85.0,8.6,46.4
568.0,26.3,48.8,1437.634951,0.506,9.3,84.0,9.0,47.1
536.0,25.9,46.4,1637.4567,0.516,9.4,84.0,9.4,48.4
53.0,59.5,0.1,5585.25847,0.909,15.9,98.0,1.5,82.4
54.0,59.0,0.1,5918.19898,0.906,15.8,98.0,1.5,82.3
57.0,58.5,0.1,6283.24522,0.904,15.8,98.0,1.4,81.9
57.0,58.1,0.1,57134.777,0.903,15.8,98.0,1.4,81.7
58.0,57.7,0.1,59593.28711,0.901,16.0,98.0,1.4,81.7
58.0,57.3,0.1,5276.25591,0.895,15.8,98.0,1.3,81.5
62.0,56.9,0.1,4627.592,0.898,15.8,98.0,1.3,81.4
62.0,56.5,0.1,55746.84238,0.897,15.7,98.0,1.3,81.1
63.0,56.1,0.1,53324.37937,0.895,15.8,98.0,1.3,89.0
64.0,55.7,0.1,46256.4716,0.892,15.9,98.0,1.3,88.0
66.0,55.3,0.1,4385.35315,0.89,16.0,98.0,1.3,85.0
7.0,54.9,0.1,42442.2245,0.888,16.0,99.0,1.3,83.0
69.0,54.4,0.1,36961.42537,0.882,15.9,99.0,1.3,82.0
71.0,53.9,0.1,29571.7446,0.88,15.9,99.0,1.3,79.9
73.0,53.4,0.1,26969.24457,0.877,15.9,99.0,1.3,79.8
73.0,52.8,0.1,29283.55,0.873,15.9,99.0,1.4,79.6
49.0,57.4,0.1,8989.8424,0.938,16.0,97.0,0.4,83.4
51.0,57.0,0.1,85814.58857,0.936,15.9,96.0,0.4,83.2
52.0,56.6,0.1,84658.88768,0.934,15.8,96.0,0.4,83.0
54.0,56.2,0.1,83164.38795,0.932,15.7,96.0,0.5,82.7
55.0,55.8,0.1,87998.44468,0.932,15.6,96.0,0.5,82.6
57.0,55.4,0.1,74276.71842,0.92,15.4,95.0,0.5,82.3
6.0,55.0,0.1,69672.471,0.916,15.3,95.0,0.5,82.1
6.0,54.6,0.1,72119.5687,0.914,15.3,95.0,0.5,82.0
63.0,54.1,0.1,63223.46778,0.911,15.3,94.0,0.5,81.7
65.0,53.7,0.1,57348.92788,0.904,15.2,94.0,0.6,81.5
66.0,53.2,0.1,54797.54663,0.899,15.2,94.0,0.6,81.1
69.0,52.8,0.1,53255.97631,0.895,15.1,93.0,0.6,81.0
72.0,52.3,0.1,4796.56497,0.889,15.0,93.0,0.6,85.0
74.0,51.8,0.1,41336.72192,0.89,15.2,93.0,0.6,84.0
75.0,51.3,0.1,38538.64447,0.888,15.2,93.0,0.7,82.0
78.0,5.8,0.1,37813.23426,0.879,15.1,93.0,0.7,79.7
293.0,57.1,0.1,1764.97387,0.553,9.0,41.0,6.3,64.5
294.0,56.2,0.1,1764.97387,0.575,9.0,43.0,6.3,64.4
37.0,55.2,0.1,1764.97387,0.635,13.0,41.0,6.3,63.6
32.0,54.2,0.1,1764.97387,0.645,12.5,45.0,6.3,62.8
163.0,53.2,0.1,1764.97387,0.646,12.0,72.0,6.3,71.7
127.0,52.3,0.1,1764.97387,0.65,11.7,8.0,6.4,73.7
124.0,51.3,0.1,1764.97387,0.648,11.8,8.0,6.4,73.8
122.0,5.4,0.1,1764.97387,0.651,11.6,79.0,6.4,73.8
121.0,49.4,0.1,258.3529,0.644,11.5,8.0,6.4,73.8
123.0,48.5,0.1,1762.24617,0.636,11.4,8.0,6.4,73.7
127.0,47.6,0.1,1577.457182,0.624,11.0,8.0,6.5,73.5
131.0,46.8,0.1,148.852738,0.61,10.6,81.0,6.5,73.2
134.0,46.0,0.1,1253.39143,0.599,10.3,83.0,6.6,73.0
135.0,45.3,0.1,1263.13455,0.596,10.2,84.0,6.6,72.8
135.0,44.6,0.1,1258.421953,0.589,10.1,82.0,6.7,72.7
136.0,43.9,0.1,1177.629268,0.588,10.0,84.0,6.8,72.6
161.0,4.7,0.2,918.6771543,0.625,11.3,96.0,3.6,69.7
162.0,39.9,0.2,114.45919,0.622,11.3,97.0,3.6,69.6
163.0,39.0,0.2,14.214412,0.617,11.2,96.0,3.6,69.3
164.0,38.2,0.2,954.725253,0.613,11.1,94.0,3.6,68.8
166.0,37.4,0.2,834.5412953,0.608,11.1,96.0,3.7,68.1
171.0,36.6,0.2,738.3475227,0.603,11.1,93.0,3.7,67.3
174.0,35.9,0.2,666.3458569,0.601,11.1,93.0,3.7,66.7
178.0,35.3,0.3,76.914128,0.592,10.8,86.0,3.8,66.4
181.0,34.7,0.3,52.35956,0.586,10.9,86.0,3.8,66.1
183.0,34.1,0.3,44.2872665,0.579,10.7,83.0,3.8,65.9
194.0,33.5,0.3,337.359236,0.572,10.6,84.0,3.8,65.5
177.0,33.0,0.3,39.281834,0.563,10.5,86.0,3.9,65.9
182.0,32.5,0.3,236.314438,0.553,10.1,85.0,4.0,65.2
193.0,32.1,0.3,189.3878519,0.543,9.8,85.0,4.0,64.3
194.0,31.6,0.3,17.8159721,0.535,9.7,85.0,4.1,64.0
198.0,31.3,0.3,138.436633,0.529,9.6,83.0,4.2,63.7
148.0,33.6,0.1,5814.863134,0.738,13.6,99.0,7.7,74.9
152.0,32.4,0.1,5941.8471,0.737,13.6,99.0,7.8,74.6
153.0,31.3,0.1,6171.262444,0.733,13.6,99.0,7.9,74.5
154.0,3.1,0.1,5859.915622,0.729,13.7,99.0,8.0,74.3
155.0,29.0,0.2,5491.159981,0.72,13.3,99.0,8.1,74.1
158.0,27.9,0.2,575.32176,0.711,13.1,99.0,8.2,73.9
16.0,26.8,0.3,4212.5492,0.706,13.0,99.0,8.3,73.7
162.0,25.7,0.3,4378.68746,0.7,12.9,99.0,8.5,73.5
165.0,24.6,0.4,3972.26475,0.687,12.3,98.0,8.6,73.3
168.0,23.6,0.5,3368.952576,0.686,12.4,98.0,8.7,73.0
177.0,22.6,0.5,2893.651356,0.682,12.0,98.0,8.9,72.5
189.0,21.7,0.5,2659.83918,0.674,11.9,98.0,9.0,71.6
189.0,2.9,0.6,2358.93629,0.666,11.8,98.0,9.1,71.7
192.0,2.2,0.7,296.54617,0.657,11.5,96.0,9.2,71.4
194.0,19.4,0.8,1893.145377,0.649,11.2,96.0,9.3,71.2
194.0,18.7,0.8,27.564826,0.64,10.9,97.0,9.4,71.1
12.0,6.3,0.1,1764.97387,0.746,12.9,91.0,2.1,75.7
12.0,59.7,0.1,1764.97387,0.743,12.9,95.0,2.2,75.5
14.0,59.1,0.1,1764.97387,0.741,12.9,98.0,2.2,75.3
15.0,58.5,0.1,1764.97387,0.739,12.9,95.0,2.2,75.1
17.0,57.9,0.1,1764.97387,0.735,12.9,96.0,2.2,74.9
18.0,57.4,0.1,1764.97387,0.732,13.0,95.0,2.3,74.7
111.0,56.9,0.1,1764.97387,0.73,13.0,96.0,2.3,74.4
111.0,56.4,0.1,1764.97387,0.714,12.2,95.0,2.4,74.2
12.0,55.9,0.1,1764.97387,0.709,12.2,95.0,2.4,73.5
122.0,55.4,0.1,1764.97387,0.703,12.1,93.0,2.5,73.7
12.0,54.9,0.1,1764.97387,0.0,11.9,97.0,2.5,73.6
12.0,54.5,0.1,1764.97387,0.0,11.9,94.0,2.6,73.5
126.0,54.1,0.1,1764.97387,0.0,11.9,96.0,2.7,73.2
128.0,53.6,0.1,1764.97387,0.0,11.9,96.0,2.7,72.8
126.0,53.2,0.1,1764.97387,0.0,11.8,91.0,2.8,73.1
125.0,52.7,0.1,1764.97387,0.0,11.7,95.0,2.8,72.6
152.0,17.4,0.1,1161.76935,0.603,12.5,76.0,1.9,68.3
155.0,17.0,0.1,1153.51578,0.612,12.5,77.0,1.9,68.0
158.0,16.6,0.1,117.765674,0.62,12.5,82.0,11.1,67.7
159.0,16.2,0.1,1117.77724,0.618,12.5,83.0,11.2,67.4
161.0,15.8,0.1,114.56179,0.607,12.5,67.0,11.3,67.2
163.0,15.5,0.1,849.8626972,0.599,12.4,72.0,11.5,66.9
165.0,15.1,0.1,757.3114436,0.599,12.1,72.0,11.6,66.6
168.0,14.7,0.1,643.71911,0.566,11.7,79.0,11.7,66.2
173.0,14.2,0.1,524.8959363,0.541,11.3,7.0,11.8,65.8
186.0,13.9,0.1,441.53226,0.511,11.0,63.0,11.9,64.9
26.0,13.5,0.1,478.331859,0.492,10.6,55.0,12.0,63.7
229.0,13.2,0.1,467.5438297,0.484,10.2,57.0,12.0,62.3
25.0,12.9,0.1,471.4565823,0.485,9.8,55.0,12.1,61.0
261.0,12.6,0.1,48.61552,0.475,9.8,54.0,12.1,62.0
269.0,12.3,0.1,56.4249869,0.47,9.8,93.0,12.1,59.4
276.0,11.9,0.1,422.28633,0.0,0.0,93.0,12.2,58.7
287.0,24.3,1.0,551.138346,0.484,12.0,88.0,6.5,59.9
285.0,23.7,1.0,62.1318489,0.475,12.0,87.0,6.6,59.7
287.0,23.1,1.5,579.43485,0.47,12.0,84.0,6.8,59.4
294.0,22.6,1.7,563.6894247,0.464,12.0,84.0,7.0,58.9
34.0,22.0,2.6,562.3393592,0.457,11.5,85.0,7.1,58.3
323.0,21.4,3.8,487.9238913,0.449,11.0,83.0,7.3,57.4
336.0,2.9,4.3,499.6468713,0.442,10.6,78.0,7.5,56.7
344.0,2.4,4.8,513.391914,0.441,10.1,81.0,7.7,56.2
344.0,19.8,5.1,42.764743,0.443,10.6,82.0,7.9,55.9
345.0,19.3,5.0,377.33629,0.436,10.2,84.0,8.1,55.7
357.0,18.9,5.0,372.1721837,0.435,10.1,82.0,8.4,55.0
355.0,18.4,5.1,349.9937253,0.432,10.0,71.0,8.6,54.9
355.0,17.9,5.2,31.437144,0.428,9.9,72.0,8.8,54.7
351.0,17.5,5.3,28.832123,0.428,9.7,59.0,9.0,54.7
345.0,17.1,5.3,26.6394652,0.426,9.4,5.0,9.2,54.6
339.0,16.6,5.1,26.3932935,0.425,9.3,64.0,9.4,54.6
133.0,75.2,0.1,493.775387,0.718,14.3,78.0,0.1,73.5
135.0,74.8,0.1,4192.349758,0.716,14.3,8.0,0.1,73.3
137.0,74.3,0.1,4266.557174,0.718,14.3,82.0,0.1,73.2
138.0,73.8,0.1,451.542462,0.717,14.4,77.0,0.1,73.0
14.0,73.3,0.1,445.18866,0.712,14.4,82.0,0.1,72.9
142.0,72.7,0.1,3547.59975,0.707,14.4,82.0,0.1,72.8
147.0,72.1,0.1,37.846563,0.703,14.5,84.0,0.1,72.5
145.0,71.5,0.1,3392.64743,0.698,14.5,86.0,0.1,72.6
146.0,7.8,0.1,2932.315883,0.698,14.5,87.0,0.1,72.5
148.0,7.1,0.1,2892.522663,0.695,14.6,88.0,0.1,72.4
15.0,69.4,0.1,2594.74999,0.694,14.6,89.0,0.1,72.3
151.0,68.6,0.1,2284.37858,0.693,14.6,9.0,0.1,72.2
153.0,67.8,0.1,229.714718,0.683,13.7,9.0,0.1,72.0
155.0,67.0,0.1,1842.44421,0.679,13.5,84.0,0.1,71.9
157.0,66.2,0.1,1837.977391,0.674,13.2,89.0,0.1,71.8
158.0,65.5,0.1,263.27236,0.676,13.7,91.0,0.1,71.6
17.0,47.1,0.3,17321.83373,0.779,12.7,96.0,5.7,71.2
171.0,46.0,0.3,19325.24283,0.778,12.7,92.0,5.8,71.1
172.0,45.0,0.3,1967.83283,0.773,12.7,92.0,5.8,71.0
174.0,44.0,0.4,19152.531,0.772,12.6,92.0,5.9,78.0
176.0,43.0,0.4,1953.9767,0.774,12.6,9.0,5.9,76.0
179.0,42.0,0.4,16683.94578,0.772,12.5,9.0,5.9,74.0
183.0,41.1,0.2,1458.8796,0.773,12.5,9.0,6.0,71.0
185.0,4.2,0.3,21188.11857,0.767,12.4,9.0,6.1,69.9
187.0,39.3,0.7,1653.1844,0.76,12.4,88.0,6.1,69.7
188.0,38.4,0.6,1495.96337,0.751,12.3,92.0,6.2,69.6
189.0,37.6,0.5,12323.1275,0.745,12.3,95.0,6.3,69.5
19.0,36.8,1.0,129.51914,0.736,12.2,94.0,6.3,69.4
191.0,36.0,0.5,884.518666,0.729,12.0,91.0,6.4,69.3
192.0,35.2,2.0,749.626612,0.721,11.9,96.0,6.5,69.2
194.0,34.4,1.2,6935.721451,0.715,11.8,91.0,6.6,69.1
197.0,33.6,0.9,643.947262,0.709,11.7,9.0,6.7,69.1
1.0,61.2,0.1,3828.91589,0.723,14.6,98.0,6.5,75.3
12.0,6.2,0.1,4271.68172,0.722,14.7,98.0,6.5,75.1
13.0,59.3,0.1,4199.47253,0.72,14.7,98.0,6.4,74.9
13.0,58.3,0.1,4137.55421,0.717,14.6,97.0,6.4,74.9
13.0,57.4,0.1,4256.91279,0.714,14.5,98.0,6.4,74.8
12.0,56.5,0.1,414.15177,0.71,14.4,98.0,6.3,74.8
12.0,55.6,0.1,4129.977335,0.706,14.4,99.0,6.3,74.7
12.0,54.7,0.1,431.9326,0.701,14.3,99.0,6.3,74.7
12.0,53.9,0.1,3778.184171,0.695,14.3,98.0,6.3,74.6
12.0,53.1,0.1,3371.71231,0.689,14.2,99.0,6.3,74.4
14.0,52.2,0.1,3194.562243,0.683,13.9,98.0,6.4,74.2
15.0,51.4,0.1,3112.83529,0.673,13.6,97.0,6.4,74.0
17.0,5.6,0.1,2761.969249,0.667,13.5,95.0,6.4,73.7
19.0,49.7,0.1,2346.5937,0.662,13.3,96.0,6.5,73.5
11.0,48.9,0.1,2254.933126,0.654,13.1,98.0,6.5,73.2
112.0,48.1,0.1,2213.91488,0.646,12.8,97.0,6.6,72.9
16.0,66.1,0.1,1979.52569,0.764,14.5,97.0,4.9,75.8
17.0,65.3,0.1,12127.22522,0.759,14.5,96.0,4.9,75.5
19.0,64.5,0.1,12542.93565,0.754,14.4,98.0,4.9,75.2
112.0,63.7,0.1,1172.3843,0.75,14.3,97.0,4.9,74.8
114.0,62.8,0.1,11341.13395,0.737,13.8,97.0,4.9,74.5
116.0,61.9,0.1,1672.5693,0.715,13.0,97.0,4.9,74.2
118.0,61.1,0.1,936.499911,0.709,12.5,96.0,4.9,73.9
121.0,6.2,0.1,185.68975,0.705,12.5,96.0,5.0,73.5
124.0,59.3,0.1,979.49246,0.697,12.3,96.0,5.0,73.2
126.0,58.5,0.1,834.869161,0.687,11.9,9.0,5.0,72.8
129.0,57.6,0.1,7384.354661,0.681,11.9,9.0,5.0,72.4
132.0,56.8,0.1,64.72953,0.675,12.0,85.0,5.1,72.0
135.0,55.9,0.1,4718.51291,0.668,11.9,68.0,5.1,71.6
138.0,55.1,0.1,366.57,0.658,11.5,78.0,5.2,71.2
14.0,54.3,0.1,3119.63716,0.653,11.1,88.0,5.2,78.0
143.0,53.5,0.1,4316.553895,0.641,10.7,85.0,5.3,74.0
215.0,48.6,0.1,6432.668768,0.688,10.8,99.0,3.3,66.3
217.0,47.7,0.1,7962.365824,0.683,10.8,98.0,3.3,66.0
228.0,46.7,0.1,734.42525,0.678,10.7,98.0,3.2,65.4
22.0,45.9,0.1,6675.262954,0.672,10.7,97.0,3.2,65.6
217.0,45.0,0.1,5649.978486,0.665,10.6,97.0,3.2,65.6
211.0,44.2,0.1,4439.23,0.0,10.6,96.0,3.2,65.8
215.0,43.4,0.1,436.459223,0.0,10.5,96.0,3.2,65.6
235.0,42.7,0.1,394.467675,0.0,10.5,96.0,3.2,64.5
241.0,42.0,0.1,26.371428,0.0,10.4,98.0,3.3,64.1
245.0,41.3,0.1,2136.66815,0.0,10.4,98.0,3.3,63.7
248.0,4.7,0.1,174.51475,0.0,10.3,99.0,3.4,63.3
238.0,4.0,0.1,1453.917166,0.0,10.3,97.0,3.4,63.5
231.0,39.4,0.1,1283.885977,0.0,10.3,83.0,3.5,63.4
229.0,38.7,0.1,967.917468,0.0,10.2,98.0,3.5,63.3
221.0,38.1,0.1,774.4763388,0.0,10.2,95.0,3.6,64.0
224.0,37.5,0.1,643.17518,0.0,0.0,97.0,3.6,63.8
291.0,18.5,3.1,693.8963829,0.488,10.0,78.0,5.6,62.3
38.0,18.1,3.2,719.172669,0.483,10.0,78.0,5.7,61.5
325.0,17.6,4.0,662.492293,0.478,10.0,78.0,5.7,67.0
339.0,17.2,4.6,647.74741,0.477,10.0,78.0,5.8,60.0
347.0,16.7,6.8,584.3962137,0.477,10.7,82.0,5.9,59.3
362.0,16.3,8.0,594.9972557,0.473,10.9,8.0,6.0,58.4
378.0,15.9,8.1,647.17732,0.464,10.8,79.0,6.1,57.5
41.0,15.6,8.2,449.6928183,0.453,10.6,71.0,6.2,56.3
41.0,15.2,8.4,41.858631,0.442,10.3,73.0,6.3,55.5
41.0,14.8,8.6,336.4593923,0.434,10.6,64.0,6.4,54.9
446.0,14.5,8.7,315.788227,0.429,10.9,64.0,6.5,53.2
485.0,14.2,8.9,288.236949,0.427,11.6,62.0,6.6,51.3
53.0,13.9,9.4,237.9995917,0.418,11.5,59.0,6.7,51.0
523.0,13.6,10.0,24.2423229,0.404,11.0,57.0,6.8,48.8
539.0,13.3,10.8,234.984775,0.396,10.8,55.0,6.9,47.7
554.0,13.0,11.6,257.63369,0.382,9.8,52.0,7.0,46.6
195.0,61.3,0.2,2124.662666,0.748,15.3,23.0,2.3,71.3
23.0,6.7,0.2,314.658296,0.746,15.2,23.0,2.3,78.0
198.0,6.1,0.2,429.71554,0.744,15.2,76.0,2.3,71.0
25.0,59.6,0.2,3855.42128,0.739,15.1,76.0,2.4,77.0
24.0,59.0,0.2,3569.75727,0.734,14.9,5.0,2.4,75.0
212.0,58.5,0.2,2965.142365,0.728,14.9,52.0,2.4,69.8
231.0,58.0,0.3,2545.48341,0.734,14.9,71.0,2.5,69.2
273.0,57.6,0.4,3891.37823,0.73,14.9,9.0,2.5,67.7
277.0,57.2,0.7,368.68998,0.723,14.8,98.0,2.5,67.5
267.0,56.8,0.8,233.18831,0.716,14.7,98.0,2.6,67.7
278.0,56.4,0.9,1828.717626,0.707,14.5,96.0,2.7,67.0
267.0,56.1,1.0,1367.352433,0.7,14.6,99.0,2.7,67.4
256.0,55.7,0.9,148.522488,0.691,14.3,97.0,2.8,67.6
256.0,55.4,0.9,879.475486,0.683,13.9,99.0,2.9,67.6
253.0,55.1,0.8,78.738243,0.673,13.2,99.0,2.9,67.7
257.0,54.8,0.7,635.789635,0.669,13.3,99.0,3.0,67.5
75.0,64.2,0.1,3911.74689,0.836,13.3,99.0,5.3,77.1
77.0,62.4,0.1,44449.7435,0.832,13.3,99.0,5.2,76.9
78.0,6.5,0.1,4335.64268,0.829,13.3,98.0,5.2,76.7
8.0,58.6,0.1,42112.23565,0.826,13.3,96.0,5.1,76.5
81.0,57.1,0.1,4462.3129,0.824,13.3,95.0,5.1,76.3
82.0,55.8,0.1,3549.14832,0.826,13.3,94.0,5.1,76.2
84.0,55.1,0.1,3372.57517,0.831,13.2,93.0,5.1,76.0
85.0,54.8,0.1,45758.9554,0.829,13.1,92.0,5.1,75.8
87.0,55.1,0.1,42672.61323,0.826,12.9,92.0,5.1,75.6
89.0,55.8,0.1,42372.22166,0.823,12.8,92.0,5.1,75.4
92.0,56.6,0.1,39439.8197,0.818,12.6,94.0,5.1,75.3
95.0,57.0,0.1,36161.1761,0.813,12.4,94.0,5.2,75.1
98.0,56.8,0.1,3323.52318,0.808,12.3,94.0,5.2,74.9
11.0,56.0,0.1,31311.35936,0.803,12.1,94.0,5.3,74.7
14.0,55.0,0.1,3161.52935,0.798,12.0,94.0,5.3,74.5
17.0,54.1,0.1,3371.26869,0.791,11.8,94.0,5.4,74.2
69.0,66.6,0.1,1764.97387,0.677,12.3,96.0,0.8,81.2
71.0,66.0,0.1,1764.97387,0.677,12.3,95.0,0.8,81.0
72.0,65.4,0.1,1764.97387,0.677,12.3,95.0,0.8,87.0
72.0,64.8,0.1,1764.97387,0.677,12.3,95.0,0.8,86.0
74.0,64.2,0.1,1764.97387,0.677,12.3,95.0,0.8,86.0
77.0,63.6,0.1,1764.97387,0.677,12.3,94.0,0.8,82.0
78.0,63.1,0.1,1764.97387,0.677,12.3,93.0,0.8,81.0
8.0,62.5,0.1,1764.97387,0.677,12.3,92.0,0.8,79.6
8.0,61.9,0.1,1764.97387,0.677,12.3,92.0,0.7,79.5
82.0,61.3,0.1,1764.97387,0.677,12.3,92.0,0.7,79.3
82.0,6.7,0.1,1764.97387,0.677,12.3,91.0,0.7,79.0
83.0,6.1,0.1,1764.97387,0.677,12.3,92.0,0.7,78.8
86.0,59.5,0.1,1764.97387,0.677,12.3,91.0,0.7,78.3
87.0,58.8,0.1,1764.97387,0.677,12.3,91.0,0.7,78.2
88.0,58.2,0.1,1764.97387,0.677,12.3,91.0,0.7,78.0
89.0,57.5,0.1,1764.97387,0.677,12.3,91.0,0.7,77.8
279.0,23.8,1.4,1764.97387,0.677,12.3,98.0,6.7,61.8
34.0,23.2,1.4,1764.97387,0.677,12.3,97.0,6.8,67.0
323.0,22.5,2.1,1764.97387,0.677,12.3,91.0,6.8,59.7
348.0,21.9,2.4,1764.97387,0.677,12.3,92.0,6.9,58.6
348.0,21.3,3.1,1764.97387,0.677,12.3,9.0,7.0,58.3
36.0,2.7,4.6,1764.97387,0.677,12.3,91.0,7.1,57.5
368.0,2.2,6.4,1764.97387,0.677,12.3,85.0,7.2,56.9
376.0,19.6,7.4,1764.97387,0.677,12.3,86.0,7.3,56.2
411.0,19.1,8.5,1764.97387,0.677,12.3,83.0,7.5,54.5
437.0,18.6,9.4,1764.97387,0.677,12.3,9.0,7.6,53.1
449.0,18.1,10.0,1764.97387,0.677,12.3,9.0,7.7,52.2
454.0,17.7,10.8,1764.97387,0.677,12.3,95.0,7.8,51.5
459.0,17.2,11.5,1764.97387,0.677,12.3,95.0,7.9,58.0
46.0,16.8,12.1,1764.97387,0.677,12.3,89.0,8.0,52.0
46.0,16.4,12.5,1764.97387,0.677,12.3,87.0,8.2,49.6
457.0,16.0,12.8,1764.97387,0.677,12.3,79.0,8.3,49.2
13.0,69.6,0.1,1764.97387,0.677,12.3,95.0,0.8,79.3
14.0,69.1,0.1,1764.97387,0.677,12.3,95.0,0.8,79.1
16.0,68.6,0.1,1764.97387,0.677,12.3,94.0,0.7,78.9
16.0,68.0,0.1,1764.97387,0.677,12.3,94.0,0.7,78.8
16.0,67.5,0.1,1764.97387,0.677,12.3,96.0,0.7,78.7
15.0,66.9,0.1,1764.97387,0.677,12.3,95.0,0.7,78.7
18.0,66.3,0.1,1764.97387,0.677,12.3,95.0,0.7,78.5
18.0,65.7,0.1,1764.97387,0.677,12.3,96.0,0.7,78.2
11.0,65.1,0.1,1764.97387,0.677,12.3,96.0,0.7,78.1
113.0,64.4,0.1,1764.97387,0.677,12.3,96.0,0.7,77.8
112.0,63.8,0.1,1764.97387,0.677,12.3,96.0,0.7,77.5
111.0,63.1,0.1,1764.97387,0.677,12.3,96.0,0.7,77.5
114.0,62.4,0.1,1764.97387,0.677,12.3,96.0,0.7,77.2
115.0,61.7,0.1,1764.97387,0.677,12.3,94.0,0.8,77.0
115.0,6.9,0.1,1764.97387,0.677,12.3,94.0,0.8,76.9
114.0,6.1,0.1,1764.97387,0.677,12.3,94.0,0.8,76.8
116.0,64.0,0.1,15524.84247,0.794,15.5,95.0,1.5,77.0
117.0,63.4,0.1,16737.89827,0.791,15.5,95.0,1.5,76.8
117.0,62.9,0.1,16881.2568,0.788,15.5,94.0,1.5,76.8
118.0,62.3,0.1,1592.6819,0.784,15.5,95.0,1.5,76.5
111.0,61.8,0.1,14166.4998,0.78,15.5,95.0,1.5,77.0
118.0,61.2,0.1,11938.212,0.777,15.6,95.0,1.5,76.3
118.0,6.7,0.1,9415.17386,0.774,15.5,95.0,1.5,76.6
119.0,6.1,0.1,962.312164,0.77,15.7,94.0,1.6,76.4
124.0,59.5,0.1,79.69746,0.76,15.3,94.0,1.6,75.4
117.0,58.9,0.1,5877.87678,0.756,15.2,95.0,1.6,76.2
123.0,58.3,0.1,522.951116,0.753,15.5,96.0,1.6,75.7
122.0,57.7,0.1,4117.38853,0.75,15.5,94.0,1.7,75.4
121.0,57.0,0.1,3622.52284,0.747,15.0,91.0,1.7,75.4
124.0,56.3,0.1,488.768855,0.746,14.7,95.0,1.7,75.4
123.0,55.7,0.1,6281.37747,0.742,14.2,94.0,1.8,75.2
131.0,55.0,0.1,6871.897677,0.738,14.0,9.0,1.8,75.1
184.0,44.7,0.1,2137.576852,0.697,12.1,99.0,3.0,69.4
184.0,43.9,0.1,25.448414,0.69,12.1,99.0,3.0,69.2
185.0,43.0,0.1,197.551233,0.681,12.0,99.0,3.0,69.1
184.0,42.2,0.1,174.468298,0.673,12.0,99.0,3.0,68.8
183.0,41.4,0.1,1564.966945,0.664,12.0,99.0,3.0,68.5
183.0,4.7,0.2,1377.8214,0.657,11.9,99.0,3.0,68.3
183.0,4.0,0.2,1213.265328,0.651,11.8,98.0,3.1,68.0
184.0,39.3,0.3,182.28625,0.644,11.9,98.0,3.1,67.9
184.0,38.7,0.3,83.476942,0.631,11.8,96.0,3.1,67.8
185.0,38.1,0.4,654.2838373,0.626,11.8,96.0,3.2,67.6
192.0,37.5,0.3,546.776852,0.62,11.7,99.0,3.2,67.3
183.0,37.0,0.3,465.1198869,0.613,11.6,99.0,3.2,67.8
183.0,36.4,0.3,396.129969,0.607,11.3,98.0,3.3,67.2
186.0,35.9,0.2,383.3494997,0.6,11.0,99.0,3.3,67.1
185.0,35.3,0.2,456.734892,0.594,10.7,99.0,3.4,67.4
189.0,34.8,0.1,558.221144,0.0,10.6,99.0,3.4,67.1
13.0,53.3,0.1,285.83414,0.598,10.8,64.0,1.5,72.0
134.0,52.5,0.1,3148.36513,0.596,10.8,64.0,1.5,71.7
135.0,51.7,0.1,3167.34356,0.591,10.8,64.0,1.5,71.6
138.0,5.8,0.1,3158.58688,0.592,10.8,64.0,1.5,71.4
141.0,49.9,0.1,3275.91684,0.591,10.8,65.0,1.5,71.2
145.0,49.1,0.1,2965.82434,0.59,10.8,65.0,1.5,71.0
149.0,48.2,0.1,2643.441423,0.589,10.7,66.0,1.5,78.0
153.0,47.4,0.1,2697.961375,0.582,10.7,67.0,1.5,75.0
157.0,46.6,0.1,2393.367265,0.579,10.7,67.0,1.6,73.0
161.0,45.7,0.1,247.97823,0.572,10.6,68.0,1.6,71.0
165.0,44.9,0.1,1886.433359,0.0,10.6,68.0,1.6,69.9
169.0,44.1,0.1,1787.94723,0.0,10.7,69.0,1.6,69.6
173.0,43.3,0.1,158.52724,0.0,10.4,69.0,1.6,69.4
176.0,42.6,0.1,1353.934819,0.0,10.2,7.0,1.7,69.3
179.0,41.9,0.1,1362.61731,0.0,10.1,7.0,1.7,69.1
18.0,41.1,0.1,1469.849149,0.0,9.6,71.0,1.7,69.0
157.0,62.1,0.1,1764.97387,0.769,14.3,87.0,1.6,74.1
158.0,61.5,0.1,1764.97387,0.771,14.2,78.0,1.6,73.9
159.0,61.0,0.1,1764.97387,0.77,14.2,82.0,1.6,73.8
161.0,6.4,0.1,1764.97387,0.767,14.1,81.0,1.6,73.7
158.0,59.9,0.1,1764.97387,0.756,14.1,78.0,1.6,73.8
158.0,59.3,0.1,1764.97387,0.754,14.0,78.0,1.6,73.7
166.0,58.8,0.1,1764.97387,0.754,14.0,84.0,1.6,73.6
168.0,58.2,0.1,1764.97387,0.745,13.4,5.0,1.6,73.2
165.0,57.6,0.1,1764.97387,0.728,12.9,62.0,1.6,73.4
163.0,57.1,0.1,1764.97387,0.714,12.4,71.0,1.6,73.6
158.0,56.5,0.1,1764.97387,0.7,11.8,87.0,1.7,73.6
161.0,55.9,0.1,1764.97387,0.687,11.6,86.0,1.7,73.3
172.0,55.3,0.1,1764.97387,0.688,11.6,68.0,1.7,72.4
167.0,54.7,0.1,1764.97387,0.684,11.0,65.0,1.7,73.1
169.0,54.1,0.1,1764.97387,0.672,10.4,7.0,1.8,72.5
168.0,53.4,0.1,1764.97387,0.67,10.6,77.0,1.8,72.5
127.0,17.5,0.1,1764.97387,0.678,12.6,97.0,14.2,76.0
128.0,16.7,0.1,1764.97387,0.675,12.5,95.0,14.3,75.9
129.0,16.0,0.1,1764.97387,0.668,12.3,59.0,14.3,75.7
13.0,15.3,0.1,1764.97387,0.662,12.2,97.0,14.4,75.6
131.0,14.7,0.1,1764.97387,0.655,12.0,95.0,14.4,75.4
133.0,14.0,0.1,1764.97387,0.647,11.9,93.0,14.5,75.2
134.0,13.4,0.1,1764.97387,0.641,11.7,96.0,14.6,75.0
135.0,12.9,0.2,1764.97387,0.633,11.6,93.0,14.7,74.9
136.0,12.3,0.2,1764.97387,0.625,11.4,92.0,14.9,74.7
136.0,11.8,0.2,1764.97387,0.618,11.3,94.0,15.1,74.6
136.0,11.3,0.2,1764.97387,0.609,11.1,95.0,15.3,74.4
136.0,1.9,0.2,1764.97387,0.601,11.0,96.0,15.4,74.2
137.0,1.4,0.2,1764.97387,0.592,10.9,99.0,15.6,74.0
137.0,1.0,0.2,1764.97387,0.584,10.7,75.0,15.6,73.8
138.0,9.6,0.1,1764.97387,0.576,10.6,96.0,15.7,73.6
139.0,9.2,0.1,1764.97387,0.569,10.4,96.0,15.8,73.4
224.0,41.3,0.1,1764.97387,0.499,9.0,69.0,13.6,65.7
228.0,4.4,0.1,1764.97387,0.5,9.0,73.0,13.7,65.4
226.0,39.6,0.1,1764.97387,0.498,9.0,73.0,13.7,65.4
236.0,38.7,0.1,1764.97387,0.494,9.0,67.0,13.7,64.7
234.0,37.9,0.1,1764.97387,0.493,8.6,69.0,13.7,64.6
233.0,37.2,0.1,1764.97387,0.488,8.5,76.0,13.7,64.4
235.0,36.4,0.1,1764.97387,0.483,8.4,76.0,13.8,64.1
238.0,35.7,0.1,1764.97387,0.48,8.5,78.0,13.8,63.8
24.0,35.1,0.1,1764.97387,0.477,8.6,79.0,13.8,63.4
242.0,34.5,0.1,1764.97387,0.475,8.7,78.0,13.9,63.0
245.0,33.9,0.1,1764.97387,0.47,8.6,79.0,13.9,62.6
247.0,33.3,0.1,1764.97387,0.464,8.4,72.0,13.9,62.2
249.0,32.7,0.1,1764.97387,0.457,8.2,61.0,14.0,61.9
25.0,32.2,0.1,1764.97387,0.45,8.0,65.0,14.0,61.5
251.0,31.7,0.1,1764.97387,0.444,7.9,73.0,14.0,61.1
252.0,31.2,0.1,1764.97387,0.436,7.7,74.0,14.1,68.0
33.0,23.4,4.1,1313.889646,0.576,12.5,9.0,6.3,61.8
314.0,22.8,4.3,1738.8822,0.57,12.5,86.0,6.3,61.1
328.0,22.3,4.8,185.793359,0.565,12.5,79.0,6.4,63.0
349.0,21.7,5.6,1734.93612,0.554,12.3,78.0,6.5,59.2
366.0,21.2,6.3,1644.619672,0.543,12.0,81.0,6.6,58.2
363.0,2.7,6.8,1463.213573,0.533,11.8,83.0,6.7,58.0
368.0,2.2,9.1,1139.11233,0.518,11.6,94.0,6.7,57.4
45.0,19.7,11.9,1369.68249,0.504,11.4,87.0,6.8,55.7
487.0,19.2,13.6,114.587985,0.492,11.1,8.0,6.9,52.6
526.0,18.8,15.9,13.154199,0.479,10.9,81.0,7.0,58.0
554.0,18.4,17.0,691.3178164,0.467,10.7,82.0,7.1,49.3
578.0,18.0,17.6,53.2772217,0.456,10.5,83.0,7.2,47.9
64.0,17.6,18.2,429.1583434,0.443,10.2,83.0,7.3,46.4
69.0,17.3,18.4,377.135244,0.433,10.0,84.0,7.4,45.5
611.0,17.1,18.6,378.2736238,0.424,9.8,85.0,7.4,44.6
614.0,16.8,18.7,341.955625,0.418,9.6,85.0,7.5,43.8
336.0,31.8,6.2,118.69383,0.507,10.3,87.0,5.6,67.0
371.0,31.3,6.3,127.47462,0.498,10.3,91.0,5.9,59.2
399.0,3.8,6.8,111.227396,0.488,10.4,95.0,6.2,58.0
429.0,3.3,8.8,955.648466,0.464,9.8,95.0,6.5,56.6
464.0,29.9,13.3,839.927936,0.452,10.1,93.0,6.8,54.9
527.0,29.4,15.7,713.63562,0.436,10.0,89.0,7.1,52.4
587.0,29.0,18.1,65.824121,0.419,9.9,73.0,7.5,50.0
632.0,28.6,20.5,325.678573,0.421,9.7,75.0,7.8,48.2
67.0,28.2,23.7,396.9982166,0.414,9.6,73.0,8.2,46.6
7.0,27.9,26.8,414.796232,0.408,9.5,7.0,8.6,45.4
717.0,27.5,30.3,444.76575,0.406,9.3,68.0,9.0,44.6
723.0,27.1,33.6,454.366654,0.407,9.2,65.0,9.4,44.3
715.0,26.7,36.7,453.3511552,0.418,9.5,68.0,9.8,44.5
73.0,26.3,39.8,57.34834,0.427,10.0,71.0,1.2,44.8
686.0,25.9,42.1,548.587312,0.427,9.8,75.0,1.6,45.3
665.0,25.5,43.5,547.3588785,0.434,9.8,78.0,11.0,46.0
